tech_id,dataset,sector_name,tech_name,surface,domain_hint,keep,note
newgrowth::10::가::1),newgrowth,로봇,고청정 환경 대응 반도체 생산 로봇 기술,웨이퍼,반도체,True,
newgrowth::10::가::1),newgrowth,로봇,고청정 환경 대응 반도체 생산 로봇 기술,매니퓰레이션,로봇,True,
newgrowth::10::가::2),newgrowth,로봇,차세대 태양전지(Solar cell) 제조 로봇 기술,태양전지,에너지,True,
newgrowth::10::가::4),newgrowth,로봇,FPD(Flat panel display) 이송로봇 기술,FPD,디스플레이,True,
newgrowth::10::가::4),newgrowth,로봇,FPD(Flat panel display) 이송로봇 기술,마스크,디스플레이,True,
newgrowth::10::가::5),newgrowth,로봇,협동기반 차세대 제조로봇 기술,Cat 4,로봇,True,
newgrowth::10::가::5),newgrowth,로봇,협동기반 차세대 제조로봇 기술,PL e,로봇,True,
newgrowth::10::가::5),newgrowth,로봇,협동기반 차세대 제조로봇 기술,가반하중,로봇,True,
newgrowth::10::가::5),newgrowth,로봇,협동기반 차세대 제조로봇 기술,다관절 로봇,로봇,True,
newgrowth::10::가::6),newgrowth,로봇,용접로봇 기술,수직다관절로봇,로봇,True,
newgrowth::10::다::4),newgrowth,로봇,Tele-presence 로봇 기술,Tele-presence,로봇,True,
newgrowth::10::다::4),newgrowth,로봇,Tele-presence 로봇 기술,매니퓰레이터,로봇,True,
newgrowth::10::라::2),newgrowth,로봇,"모터, 엔코더, 드라이버 일체형의 구동 기술",모터,로봇,True,
newgrowth::10::라::2),newgrowth,로봇,"모터, 엔코더, 드라이버 일체형의 구동 기술",드라이버,로봇,True,
newgrowth::10::라::2),newgrowth,로봇,"모터, 엔코더, 드라이버 일체형의 구동 기술",감속기,로봇,True,
newgrowth::10::라::2),newgrowth,로봇,"모터, 엔코더, 드라이버 일체형의 구동 기술",액츄에이터(Actuator),로봇,True,
newgrowth::10::라::2),newgrowth,로봇,"모터, 엔코더, 드라이버 일체형의 구동 기술",엔코더,로봇,True,
newgrowth::10::라::3),newgrowth,로봇,웨어러블 로봇 기술,추종제어,로봇,True,
newgrowth::10::라::4),newgrowth,로봇,직관적 교시기술,그래픽 인터페이스,SW,True,
newgrowth::1::나::3),newgrowth,미래형자동차,전기차 초고속ㆍ고효율 무선충전 기술,급전 인버터,에너지,True,
newgrowth::1::나::3),newgrowth,미래형자동차,전기차 초고속ㆍ고효율 무선충전 기술,레귤레이터,에너지,True,
newgrowth::1::나::3),newgrowth,미래형자동차,전기차 초고속ㆍ고효율 무선충전 기술,자기공명,에너지,True,
newgrowth::1::나::3),newgrowth,미래형자동차,전기차 초고속ㆍ고효율 무선충전 기술,자기유도,에너지,True,
newgrowth::1::나::3),newgrowth,미래형자동차,전기차 초고속ㆍ고효율 무선충전 기술,전자기파,에너지,True,
newgrowth::1::나::3),newgrowth,미래형자동차,전기차 초고속ㆍ고효율 무선충전 기술,집전 픽업구조,에너지,True,
newgrowth::7::가::2),newgrowth,바이오·헬스,방어 항원 스크리닝 및 제조기술,면역 기전,바이오,True,
newgrowth::7::가::2),newgrowth,바이오·헬스,방어 항원 스크리닝 및 제조기술,스크리닝,바이오,True,
newgrowth::7::가::2),newgrowth,바이오·헬스,방어 항원 스크리닝 및 제조기술,항원,바이오,True,
newgrowth::7::다::3),newgrowth,바이오·헬스,신품종 종자개발기술 및 종자가공처리 기술,코팅(coating),바이오,True,
newgrowth::7::다::3),newgrowth,바이오·헬스,신품종 종자개발기술 및 종자가공처리 기술,펠렛팅(pelleting),바이오,True,
newgrowth::7::다::3),newgrowth,바이오·헬스,신품종 종자개발기술 및 종자가공처리 기술,프라이밍(priming),바이오,True,
newgrowth::7::가::4),newgrowth,바이오ㆍ헬스,혁신형 신약(화합물의약품) 후보물질 발굴 및 제조기술,"고속탐색법(HTS, High Throughput Screening)",바이오,True,
newgrowth::7::가::4),newgrowth,바이오ㆍ헬스,혁신형 신약(화합물의약품) 후보물질 발굴 및 제조기술,반응 기전(Mechanism),바이오,True,
newgrowth::7::가::4),newgrowth,바이오ㆍ헬스,혁신형 신약(화합물의약품) 후보물질 발굴 및 제조기술,분자설계,바이오,True,
newgrowth::7::가::4),newgrowth,바이오ㆍ헬스,혁신형 신약(화합물의약품) 후보물질 발굴 및 제조기술,유기합성기술,바이오,True,
newgrowth::7::가::4),newgrowth,바이오ㆍ헬스,혁신형 신약(화합물의약품) 후보물질 발굴 및 제조기술,표적 수용체(Receptor),바이오,True,
newgrowth::7::가::4),newgrowth,바이오ㆍ헬스,혁신형 신약(화합물의약품) 후보물질 발굴 및 제조기술,표적체(Target),바이오,True,
newgrowth::7::가::4),newgrowth,바이오ㆍ헬스,혁신형 신약(화합물의약품) 후보물질 발굴 및 제조기술,효소(Enzyme),바이오,True,
newgrowth::7::가::5),newgrowth,바이오ㆍ헬스,혁신형 개량신약(화합물의약품) 개발 및 제조 기술,"DDS(Drug Delivery System, 약물전달시스템)",바이오,True,
newgrowth::7::가::5),newgrowth,바이오ㆍ헬스,혁신형 개량신약(화합물의약품) 개발 및 제조 기술,복약순응도,바이오,True,
newgrowth::7::가::5),newgrowth,바이오ㆍ헬스,혁신형 개량신약(화합물의약품) 개발 및 제조 기술,복합제,바이오,True,
newgrowth::7::가::5),newgrowth,바이오ㆍ헬스,혁신형 개량신약(화합물의약품) 개발 및 제조 기술,염변경,바이오,True,
newgrowth::7::가::5),newgrowth,바이오ㆍ헬스,혁신형 개량신약(화합물의약품) 개발 및 제조 기술,이성체,바이오,True,
newgrowth::7::가::6),newgrowth,바이오ㆍ헬스,임상약리시험 평가기술(임상1상 시험),내약성,바이오,True,
newgrowth::7::가::6),newgrowth,바이오ㆍ헬스,임상약리시험 평가기술(임상1상 시험),약동학,바이오,True,
newgrowth::7::가::6),newgrowth,바이오ㆍ헬스,임상약리시험 평가기술(임상1상 시험),약력학,바이오,True,
newgrowth::7::가::6),newgrowth,바이오ㆍ헬스,임상약리시험 평가기술(임상1상 시험),약물대사,바이오,True,
newgrowth::7::가::8),newgrowth,바이오ㆍ헬스,치료적 확증 임상평가기술(임상3상 시험),바이오시밀러,바이오,True,
newgrowth::7::나::1),newgrowth,바이오ㆍ헬스,기능 융합형 초음파 영상기술,광음향,바이오,True,
newgrowth::7::나::1),newgrowth,바이오ㆍ헬스,기능 융합형 초음파 영상기술,영상유도,바이오,True,
newgrowth::7::나::1),newgrowth,바이오ㆍ헬스,기능 융합형 초음파 영상기술,체외충격파,바이오,True,
newgrowth::7::나::2),newgrowth,바이오ㆍ헬스,신체 내에서 생분해되는 소재 개발 및 제조 기술,기계적 물성,바이오,True,
newgrowth::7::나::2),newgrowth,바이오ㆍ헬스,신체 내에서 생분해되는 소재 개발 및 제조 기술,스텐트,바이오,True,
newgrowth::7::나::2),newgrowth,바이오ㆍ헬스,신체 내에서 생분해되는 소재 개발 및 제조 기술,재협착률,바이오,True,
newgrowth::7::나::2),newgrowth,바이오ㆍ헬스,신체 내에서 생분해되는 소재 개발 및 제조 기술,혈전증,바이오,True,
newgrowth::7::나::3),newgrowth,바이오ㆍ헬스,유전자 검사용 진단기기 및 시약의 개발 및 제조 기술,DNA(deoxyribonucleic acid),바이오,True,
newgrowth::7::나::3),newgrowth,바이오ㆍ헬스,유전자 검사용 진단기기 및 시약의 개발 및 제조 기술,RNA(ribonucleic acid),바이오,True,
newgrowth::7::나::3),newgrowth,바이오ㆍ헬스,유전자 검사용 진단기기 및 시약의 개발 및 제조 기술,대사물질,바이오,True,
newgrowth::7::나::3),newgrowth,바이오ㆍ헬스,유전자 검사용 진단기기 및 시약의 개발 및 제조 기술,염색체,바이오,True,
newgrowth::7::나::4),newgrowth,바이오ㆍ헬스,암진단용 혈액 검사기기 및 시약의 개발 및 제조 기술,종양 표지자,바이오,True,
newgrowth::7::나::5),newgrowth,바이오ㆍ헬스,감염병 병원체 검사용 진단기기 및 시약의 개발 및 제조 기술,객담,바이오,True,
newgrowth::7::나::5),newgrowth,바이오ㆍ헬스,감염병 병원체 검사용 진단기기 및 시약의 개발 및 제조 기술,병원체,바이오,True,
newgrowth::7::나::7),newgrowth,바이오ㆍ헬스,신체기능 복원ㆍ보조 의료기기 기술,바이오닉스,바이오,True,
newgrowth::7::나::7),newgrowth,바이오ㆍ헬스,신체기능 복원ㆍ보조 의료기기 기술,생체역학,바이오,True,
newgrowth::7::다::1),newgrowth,바이오ㆍ헬스,비가열 및 고온ㆍ고압 전처리 기술,고압전자기장[PET(Pulsed Electric Field),바이오,True,
newgrowth::7::다::1),newgrowth,바이오ㆍ헬스,비가열 및 고온ㆍ고압 전처리 기술,"과열증기(SHS, Superheated steam)",바이오,True,
newgrowth::7::다::1),newgrowth,바이오ㆍ헬스,비가열 및 고온ㆍ고압 전처리 기술,방사선 조사(irradiation),바이오,True,
newgrowth::7::다::1),newgrowth,바이오ㆍ헬스,비가열 및 고온ㆍ고압 전처리 기술,전기저항가열(Ohmic Heating),바이오,True,
newgrowth::7::다::1),newgrowth,바이오ㆍ헬스,비가열 및 고온ㆍ고압 전처리 기술,"증기직접주입법(DSI, Direct steam injection)",바이오,True,
newgrowth::7::다::2),newgrowth,바이오ㆍ헬스,식품용 기능성 물질 개발 및 제조 기술,동정(identification),바이오,True,
newgrowth::7::다::4),newgrowth,바이오ㆍ헬스,유용미생물의 스크리닝 기술 및 유용물질 대량생산공정 기술,균주,바이오,True,
newgrowth::7::다::4),newgrowth,바이오ㆍ헬스,유용미생물의 스크리닝 기술 및 유용물질 대량생산공정 기술,최적활성,바이오,True,
newgrowth::7::다::5),newgrowth,바이오ㆍ헬스,스마트팜 환경제어 기기 제작 기술,액츄에이터(actuator),기계,True,
newgrowth::7::다::6),newgrowth,바이오ㆍ헬스,단백질 분리ㆍ분획ㆍ정제 및 구조화 기술,분화,바이오,True,
newgrowth::7::다::6),newgrowth,바이오ㆍ헬스,단백질 분리ㆍ분획ㆍ정제 및 구조화 기술,분획,바이오,True,
newgrowth::7::다::6),newgrowth,바이오ㆍ헬스,단백질 분리ㆍ분획ㆍ정제 및 구조화 기술,압출식 성형,바이오,True,
newgrowth::7::다::6),newgrowth,바이오ㆍ헬스,단백질 분리ㆍ분획ㆍ정제 및 구조화 기술,지지체,바이오,True,
newgrowth::7::다::7),newgrowth,바이오ㆍ헬스,식품 냉ㆍ해동 안정화 기술,수분전이제어,바이오,True,
newgrowth::7::다::7),newgrowth,바이오ㆍ헬스,식품 냉ㆍ해동 안정화 기술,원물코팅,바이오,True,
newgrowth::7::라::1),newgrowth,바이오ㆍ헬스,바이오매스 유래 바이오플라스틱 생산 기술,리그닌,바이오,True,
newgrowth::7::라::1),newgrowth,바이오ㆍ헬스,바이오매스 유래 바이오플라스틱 생산 기술,바이오플라스틱,바이오,True,
newgrowth::7::라::2),newgrowth,바이오ㆍ헬스,바이오 화장품 소재(원료) 개발 및 제조기술,생물전환기술,바이오,True,
newgrowth::7::라::2),newgrowth,바이오ㆍ헬스,바이오 화장품 소재(원료) 개발 및 제조기술,세포활성 제어기술,바이오,True,
newgrowth::7::라::2),newgrowth,바이오ㆍ헬스,바이오 화장품 소재(원료) 개발 및 제조기술,활성성분,바이오,True,
newgrowth::7::라::3),newgrowth,바이오ㆍ헬스,신규 또는 대량 생산이 가능한 바이오화학 소재 개발 및 미생물 발굴 바이오 파운드리 기술,바이오플라스틱,바이오,True,
newgrowth::7::라::3),newgrowth,바이오ㆍ헬스,신규 또는 대량 생산이 가능한 바이오화학 소재 개발 및 미생물 발굴 바이오 파운드리 기술,바이오화장품,바이오,True,
newgrowth::7::라::3),newgrowth,바이오ㆍ헬스,신규 또는 대량 생산이 가능한 바이오화학 소재 개발 및 미생물 발굴 바이오 파운드리 기술,바이오생리활성,바이오,True,
newgrowth::7::라::3),newgrowth,바이오ㆍ헬스,신규 또는 대량 생산이 가능한 바이오화학 소재 개발 및 미생물 발굴 바이오 파운드리 기술,바이오파운드리,바이오,True,
newgrowth::7::라::3),newgrowth,바이오ㆍ헬스,신규 또는 대량 생산이 가능한 바이오화학 소재 개발 및 미생물 발굴 바이오 파운드리 기술,유전자 편집,바이오,True,
newgrowth::7::라::3),newgrowth,바이오ㆍ헬스,신규 또는 대량 생산이 가능한 바이오화학 소재 개발 및 미생물 발굴 바이오 파운드리 기술,합성생물학,바이오,True,
newgrowth::14::가::1),newgrowth,방위산업,추진체계 기술,기어박스,항공,True,
newgrowth::14::가::1),newgrowth,방위산업,추진체계 기술,완제엔진,항공,True,
newgrowth::14::가::1),newgrowth,방위산업,추진체계 기술,왕복엔진,항공,True,
newgrowth::14::가::1),newgrowth,방위산업,추진체계 기술,터보샤프트엔진,항공,True,
newgrowth::14::가::1),newgrowth,방위산업,추진체계 기술,터보제트엔진,항공,True,
newgrowth::14::가::1),newgrowth,방위산업,추진체계 기술,터보팬엔진,항공,True,
newgrowth::14::가::1),newgrowth,방위산업,추진체계 기술,터보프롭엔진,항공,True,
newgrowth::14::가::2),newgrowth,방위산업,군사위성체계 기술,구조체,우주,True,
newgrowth::14::가::2),newgrowth,방위산업,군사위성체계 기술,고체연료,우주,True,
newgrowth::14::가::2),newgrowth,방위산업,군사위성체계 기술,자세제어체계,우주,True,
newgrowth::14::가::2),newgrowth,방위산업,군사위성체계 기술,항법체계,우주,True,
newgrowth::14::나::1),newgrowth,방위산업,유무인복합체계 기술,유무인복합체계,방산,True,
newgrowth::8::가::1),newgrowth,에너지ㆍ환경,비리튬계 이차전지 소재 등 설계 및 제조기술,나트륨(Sodium)계 이차전지,배터리,True,
newgrowth::8::가::1),newgrowth,에너지ㆍ환경,비리튬계 이차전지 소재 등 설계 및 제조기술,멤브레인(Membrane),배터리,True,
newgrowth::8::가::1),newgrowth,에너지ㆍ환경,비리튬계 이차전지 소재 등 설계 및 제조기술,저가 분리판,배터리,True,
newgrowth::8::가::1),newgrowth,에너지ㆍ환경,비리튬계 이차전지 소재 등 설계 및 제조기술,셀(Cell),배터리,True,
newgrowth::8::가::1),newgrowth,에너지ㆍ환경,비리튬계 이차전지 소재 등 설계 및 제조기술,스택(Stack),배터리,True,
newgrowth::8::가::1),newgrowth,에너지ㆍ환경,비리튬계 이차전지 소재 등 설계 및 제조기술,양극,배터리,True,
newgrowth::8::가::1),newgrowth,에너지ㆍ환경,비리튬계 이차전지 소재 등 설계 및 제조기술,음극,배터리,True,
newgrowth::8::가::1),newgrowth,에너지ㆍ환경,비리튬계 이차전지 소재 등 설계 및 제조기술,전극,배터리,True,
newgrowth::8::가::1),newgrowth,에너지ㆍ환경,비리튬계 이차전지 소재 등 설계 및 제조기술,전해질,배터리,True,
newgrowth::8::가::1),newgrowth,에너지ㆍ환경,비리튬계 이차전지 소재 등 설계 및 제조기술,흐름전지(Flow Battery),배터리,True,
newgrowth::8::가::2),newgrowth,에너지ㆍ환경,전력관리시스템 설계 및 전력변환장치 설계 및 제조 기술,전력계통,에너지,True,
newgrowth::8::가::2),newgrowth,에너지ㆍ환경,전력관리시스템 설계 및 전력변환장치 설계 및 제조 기술,"전력관리시스템(PMS, Power Management System)",에너지,True,
newgrowth::8::가::2),newgrowth,에너지ㆍ환경,전력관리시스템 설계 및 전력변환장치 설계 및 제조 기술,"전력변환장치(PCS, Power Conversion System)",에너지,True,
newgrowth::8::가::3),newgrowth,에너지ㆍ환경,에너지관리시스템 기술,수요반응,에너지,True,
newgrowth::8::가::3),newgrowth,에너지ㆍ환경,에너지관리시스템 기술,신재생연계,에너지,True,
newgrowth::8::가::3),newgrowth,에너지ㆍ환경,에너지관리시스템 기술,"에너지관리시스템(EMS, Energy Management System)",에너지,True,
newgrowth::8::가::3),newgrowth,에너지ㆍ환경,에너지관리시스템 기술,주파수조정,에너지,True,
newgrowth::8::가::5),newgrowth,에너지ㆍ환경,고성능 리튬이차전지 기술,C-rate,배터리,True,
newgrowth::8::가::5),newgrowth,에너지ㆍ환경,고성능 리튬이차전지 기술,리튬이차전지,배터리,True,
newgrowth::8::가::5),newgrowth,에너지ㆍ환경,고성능 리튬이차전지 기술,모듈(module),배터리,True,
newgrowth::8::가::5),newgrowth,에너지ㆍ환경,고성능 리튬이차전지 기술,셀(cell),배터리,True,
newgrowth::8::가::5),newgrowth,에너지ㆍ환경,고성능 리튬이차전지 기술,에너지밀도,배터리,True,
newgrowth::8::가::6),newgrowth,에너지ㆍ환경,전기동력 자동차의 에너지저장 시스템 기술,에너지 밀도,에너지,True,
newgrowth::8::가::6),newgrowth,에너지ㆍ환경,전기동력 자동차의 에너지저장 시스템 기술,이차전지 팩,에너지,True,
newgrowth::8::가::6),newgrowth,에너지ㆍ환경,전기동력 자동차의 에너지저장 시스템 기술,전기동력 자동차(xEV),미래차,True,
newgrowth::8::나::2),newgrowth,에너지ㆍ환경,초임계 이산화탄소 터빈구동 시스템 설계ㆍ제조기술,초임계상태의 이산화탄소(supercritical CO2),에너지,True,
newgrowth::8::다::10),newgrowth,에너지ㆍ환경,대형 원자력발전소 제조기술,원자로,원자력,True,
newgrowth::8::다::10),newgrowth,에너지ㆍ환경,대형 원자력발전소 제조기술,냉각재펌프,원자력,True,
newgrowth::8::다::11),newgrowth,에너지ㆍ환경,혁신 제조공법 원전 분야 적용 기술,다이오드 레이저 클래딩(DLC),원자력,True,
newgrowth::8::다::11),newgrowth,에너지ㆍ환경,혁신 제조공법 원전 분야 적용 기술,분말-열간등방압성형(PM-HIP),원자력,True,
newgrowth::8::다::11),newgrowth,에너지ㆍ환경,혁신 제조공법 원전 분야 적용 기술,전자빔 용접(EBW),원자력,True,
newgrowth::8::다::2),newgrowth,에너지ㆍ환경,내열 내식성 원자력 소재 기술,중성자 조사,원자력,True,
newgrowth::8::다::2),newgrowth,에너지ㆍ환경,내열 내식성 원자력 소재 기술,증기발생기 세관,원자력,True,
newgrowth::8::다::2),newgrowth,에너지ㆍ환경,내열 내식성 원자력 소재 기술,핵연료 피복관,원자력,True,
newgrowth::8::다::3),newgrowth,에너지ㆍ환경,방사선이용 대형 공정 시스템 검사기술,방사선투시,원자력,True,
newgrowth::8::다::3),newgrowth,에너지ㆍ환경,방사선이용 대형 공정 시스템 검사기술,와전류,원자력,True,
newgrowth::8::다::3),newgrowth,에너지ㆍ환경,방사선이용 대형 공정 시스템 검사기술,이리듐(Ir)-192,원자력,True,
newgrowth::8::다::4),newgrowth,에너지ㆍ환경,신형원전(Advanced Power Reactor) 표준설계 기술,APR+(Advanced Power Reactor Plus),원자력,True,
newgrowth::8::다::4),newgrowth,에너지ㆍ환경,신형원전(Advanced Power Reactor) 표준설계 기술,SMART(System-integrated Modular Advanced Reactor),원자력,True,
newgrowth::8::다::4),newgrowth,에너지ㆍ환경,신형원전(Advanced Power Reactor) 표준설계 기술,노심,원자력,True,
newgrowth::8::다::4),newgrowth,에너지ㆍ환경,신형원전(Advanced Power Reactor) 표준설계 기술,주기기,원자력,True,
newgrowth::8::다::4),newgrowth,에너지ㆍ환경,신형원전(Advanced Power Reactor) 표준설계 기술,보조기기,원자력,True,
newgrowth::8::다::4),newgrowth,에너지ㆍ환경,신형원전(Advanced Power Reactor) 표준설계 기술,"원전제어계통(MMIS, Man-Machine Interface System)",원자력,True,
newgrowth::8::다::4),newgrowth,에너지ㆍ환경,신형원전(Advanced Power Reactor) 표준설계 기술,"플랜트종합(BOP, Balance of Plant)",원자력,True,
newgrowth::8::다::4),newgrowth,에너지ㆍ환경,신형원전(Advanced Power Reactor) 표준설계 기술,"핵증기공급계통(NSSS, Nuclear Steam Supply System)",원자력,True,
newgrowth::8::다::5),newgrowth,에너지ㆍ환경,가압경수형원전(Pressurized Water Reactor) 원전설계 핵심코드 개발 기술,격납건물,원자력,True,
newgrowth::8::다::5),newgrowth,에너지ㆍ환경,가압경수형원전(Pressurized Water Reactor) 원전설계 핵심코드 개발 기술,노심,원자력,True,
newgrowth::8::다::5),newgrowth,에너지ㆍ환경,가압경수형원전(Pressurized Water Reactor) 원전설계 핵심코드 개발 기술,열수력,원자력,True,
newgrowth::8::다::6),newgrowth,에너지ㆍ환경,친환경ㆍ저탄소 후행 핵주기 기술,감용기술,원자력,True,
newgrowth::8::다::6),newgrowth,에너지ㆍ환경,친환경ㆍ저탄소 후행 핵주기 기술,다중방벽,원자력,True,
newgrowth::8::다::6),newgrowth,에너지ㆍ환경,친환경ㆍ저탄소 후행 핵주기 기술,준위,원자력,True,
newgrowth::8::다::6),newgrowth,에너지ㆍ환경,친환경ㆍ저탄소 후행 핵주기 기술,방폐물,원자력,True,
newgrowth::8::다::6),newgrowth,에너지ㆍ환경,친환경ㆍ저탄소 후행 핵주기 기술,부지복원,원자력,True,
newgrowth::8::다::6),newgrowth,에너지ㆍ환경,친환경ㆍ저탄소 후행 핵주기 기술,제염,원자력,True,
newgrowth::8::다::6),newgrowth,에너지ㆍ환경,친환경ㆍ저탄소 후행 핵주기 기술,피폭선량,원자력,True,
newgrowth::8::다::7),newgrowth,에너지ㆍ환경,가동원전 계측제어설비 디지털 업그레이드 기술,계측제어,원자력,True,
newgrowth::8::다::7),newgrowth,에너지ㆍ환경,가동원전 계측제어설비 디지털 업그레이드 기술,신호선,부품,True,
newgrowth::8::다::8),newgrowth,에너지ㆍ환경,SMR(Small Modular Reactor) 설계 및 검증 기술,확률론적 안전성 분석(PSA; Probabilistic Safety Assessment),원자력,True,
newgrowth::8::다::8),newgrowth,에너지ㆍ환경,SMR(Small Modular Reactor) 설계 및 검증 기술,SMR,원자력,True,
newgrowth::8::다::8),newgrowth,에너지ㆍ환경,SMR(Small Modular Reactor) 설계 및 검증 기술,열수력,원자력,True,
newgrowth::8::다::8),newgrowth,에너지ㆍ환경,SMR(Small Modular Reactor) 설계 및 검증 기술,MMIS(Man-Machine Interface System),원자력,True,
newgrowth::8::다::8),newgrowth,에너지ㆍ환경,SMR(Small Modular Reactor) 설계 및 검증 기술,BOP(Balance Of Plant),원자력,True,
newgrowth::8::다::8),newgrowth,에너지ㆍ환경,SMR(Small Modular Reactor) 설계 및 검증 기술,계측제어,원자력,True,
newgrowth::8::다::8),newgrowth,에너지ㆍ환경,SMR(Small Modular Reactor) 설계 및 검증 기술,노심,원자력,True,
newgrowth::8::다::9),newgrowth,에너지ㆍ환경,SMR(Small Modular Reactor) 제조 기술,핵연료집합체,원자력,True,
newgrowth::8::다::9),newgrowth,에너지ㆍ환경,SMR(Small Modular Reactor) 제조 기술,제어봉집합체,원자력,True,
newgrowth::8::다::9),newgrowth,에너지ㆍ환경,SMR(Small Modular Reactor) 제조 기술,무붕산 노심설계,원자력,True,
newgrowth::8::다::9),newgrowth,에너지ㆍ환경,SMR(Small Modular Reactor) 제조 기술,가연성흡수봉,원자력,True,
newgrowth::8::다::9),newgrowth,에너지ㆍ환경,SMR(Small Modular Reactor) 제조 기술,증기발생기,원자력,True,
newgrowth::8::다::9),newgrowth,에너지ㆍ환경,SMR(Small Modular Reactor) 제조 기술,전열관,원자력,True,
newgrowth::8::다::9),newgrowth,에너지ㆍ환경,SMR(Small Modular Reactor) 제조 기술,원자로,원자력,True,
newgrowth::8::다::9),newgrowth,에너지ㆍ환경,SMR(Small Modular Reactor) 제조 기술,가압기,원자력,True,
newgrowth::8::라::1),newgrowth,에너지ㆍ환경,미세먼지 제거 및 고정밀 미세먼지ㆍ온실가스 동시 측정 기술,기액접촉층,환경,True,
newgrowth::8::라::1),newgrowth,에너지ㆍ환경,미세먼지 제거 및 고정밀 미세먼지ㆍ온실가스 동시 측정 기술,세라믹필터,환경,True,
newgrowth::8::라::1),newgrowth,에너지ㆍ환경,미세먼지 제거 및 고정밀 미세먼지ㆍ온실가스 동시 측정 기술,습식 플라즈마(wet plasma),환경,True,
newgrowth::8::라::10),newgrowth,에너지ㆍ환경,이차전지 제조공정 염폐수 자원순환을 위한 전해조 시스템 및 전ㆍ후처리 통합 기술,염폐수,환경,True,
newgrowth::8::라::10),newgrowth,에너지ㆍ환경,이차전지 제조공정 염폐수 자원순환을 위한 전해조 시스템 및 전ㆍ후처리 통합 기술,전해조,환경,True,
newgrowth::8::라::2),newgrowth,에너지ㆍ환경,차세대 배기가스 규제 대응을 위한 운송ㆍ저장시스템 기술,과급기,환경,True,
newgrowth::8::라::2),newgrowth,에너지ㆍ환경,차세대 배기가스 규제 대응을 위한 운송ㆍ저장시스템 기술,선택적촉매환원법(SCR),환경,True,
newgrowth::8::라::2),newgrowth,에너지ㆍ환경,차세대 배기가스 규제 대응을 위한 운송ㆍ저장시스템 기술,질소산화물,환경,True,
newgrowth::8::라::2),newgrowth,에너지ㆍ환경,차세대 배기가스 규제 대응을 위한 운송ㆍ저장시스템 기술,배기배출물,환경,True,
newgrowth::8::라::4),newgrowth,에너지ㆍ환경,폐플라스틱 등의 물리적 재활용 기술,용융,환경,True,
newgrowth::8::라::5),newgrowth,에너지ㆍ환경,폐플라스틱 등의 화학적 재활용을 통한 산업원료화 기술,열분해,환경,True,
newgrowth::8::라::5),newgrowth,에너지ㆍ환경,폐플라스틱 등의 화학적 재활용을 통한 산업원료화 기술,해중합,환경,True,
newgrowth::8::라::6),newgrowth,에너지ㆍ환경,생분해성 플라스틱 생산기술,생분해성수지,환경,True,
newgrowth::8::라::6),newgrowth,에너지ㆍ환경,생분해성 플라스틱 생산기술,플라스틱 컴파운드,환경,True,
newgrowth::8::라::6),newgrowth,에너지ㆍ환경,생분해성 플라스틱 생산기술,물성,소재,True,
newgrowth::8::라::7),newgrowth,에너지ㆍ환경,폐기물 저감형 포장소재 생산 기술,석유계 용제,환경,True,
newgrowth::8::라::9),newgrowth,에너지ㆍ환경,폐섬유의 화학 및 생물학적 재활용 기술을 활용한 자원순환 섬유소재 제조기술,방사기술,환경,True,
newgrowth::8::라::9),newgrowth,에너지ㆍ환경,폐섬유의 화학 및 생물학적 재활용 기술을 활용한 자원순환 섬유소재 제조기술,모노머,환경,True,
newgrowth::8::라::9),newgrowth,에너지ㆍ환경,폐섬유의 화학 및 생물학적 재활용 기술을 활용한 자원순환 섬유소재 제조기술,재중합,환경,True,
newgrowth::8::라::9),newgrowth,에너지ㆍ환경,폐섬유의 화학 및 생물학적 재활용 기술을 활용한 자원순환 섬유소재 제조기술,해중합,환경,True,
newgrowth::9::가::1),newgrowth,융복합소재,탄소섬유복합재의 가공장비 및 검사장비 설계ㆍ제조기술,유연지그,장비,True,
newgrowth::9::가::1),newgrowth,융복합소재,탄소섬유복합재의 가공장비 및 검사장비 설계ㆍ제조기술,"컴퓨터 수치제어기(CNC, Computerized Numerical Controller)",장비,True,
newgrowth::9::가::1),newgrowth,융복합소재,탄소섬유복합재의 가공장비 및 검사장비 설계ㆍ제조기술,탄소섬유복합재,소재,True,
newgrowth::9::가::2),newgrowth,융복합소재,극한성능 섬유 제조 기술,"CNT(Carbon Nano Tube, 탄소나노튜브)",소재,True,
newgrowth::9::가::2),newgrowth,융복합소재,극한성능 섬유 제조 기술,아라미드(Aramid),소재,True,
newgrowth::9::가::2),newgrowth,융복합소재,극한성능 섬유 제조 기술,액정섬유,소재,True,
newgrowth::9::가::2),newgrowth,융복합소재,극한성능 섬유 제조 기술,초고분자량폴리에틸렌(UHMWPE),소재,True,
newgrowth::9::가::2),newgrowth,융복합소재,극한성능 섬유 제조 기술,탄소섬유,소재,True,
newgrowth::9::가::3),newgrowth,융복합소재,섬유기반 전기전자 소재ㆍ부품 및 제품 제조 기술,콘덴서,전자,True,
newgrowth::9::가::3),newgrowth,융복합소재,섬유기반 전기전자 소재ㆍ부품 및 제품 제조 기술,트랜지스터,전자,True,
newgrowth::9::가::4),newgrowth,융복합소재,의료용 섬유 제조 기술,나노섬유,소재,True,
newgrowth::9::가::4),newgrowth,융복합소재,의료용 섬유 제조 기술,섬유구조체,소재,True,
newgrowth::9::가::5),newgrowth,융복합소재,친환경섬유 제조 기술,나노섬유,소재,True,
newgrowth::9::가::5),newgrowth,융복합소재,친환경섬유 제조 기술,섬유고분자,소재,True,
newgrowth::9::가::5),newgrowth,융복합소재,친환경섬유 제조 기술,열가소성,소재,True,
newgrowth::9::가::5),newgrowth,융복합소재,친환경섬유 제조 기술,셀룰로오스,소재,True,
newgrowth::9::가::6),newgrowth,융복합소재,PTFE(PolyTetraFluoro Ethylene) 멤브레인 기반 고성능 복합필터 제조기술,PTFE(PolyTetraFluoro Ethylene),소재,True,
newgrowth::9::가::6),newgrowth,융복합소재,PTFE(PolyTetraFluoro Ethylene) 멤브레인 기반 고성능 복합필터 제조기술,멤브레인,소재,True,
newgrowth::9::가::7),newgrowth,융복합소재,특수계면활성제 제조 기술,PFOA,소재,True,
newgrowth::9::가::7),newgrowth,융복합소재,특수계면활성제 제조 기술,PGMEA,소재,True,
newgrowth::9::가::7),newgrowth,융복합소재,특수계면활성제 제조 기술,ppb,소재,True,
newgrowth::9::가::7),newgrowth,융복합소재,특수계면활성제 제조 기술,계면활성제,소재,True,
newgrowth::9::가::7),newgrowth,융복합소재,특수계면활성제 제조 기술,저표면에너지,소재,True,
newgrowth::9::가::7),newgrowth,융복합소재,특수계면활성제 제조 기술,포소화제,소재,True,
newgrowth::9::가::8),newgrowth,융복합소재,극세 장섬유 부직포 및 복합필터 제조기술,HEPA(High Efficiency Particulate Air),소재,True,
newgrowth::9::나::2),newgrowth,융복합소재,차세대 조명용 고효율 경량 방열부품 생산기반기술,열확산능,소재,True,
newgrowth::9::다::,newgrowth,융복합소재,인성특성이 향상된 고강성 하이퍼플라스틱(High Performance Plastics) 복합체 제조 및 가공 기술,인장강도,소재,True,
newgrowth::9::다::,newgrowth,융복합소재,인성특성이 향상된 고강성 하이퍼플라스틱(High Performance Plastics) 복합체 제조 및 가공 기술,하이퍼플라스틱(High Performance Plastics),소재,True,
newgrowth::9::라::1),newgrowth,융복합소재,고강도 구리합금 설계ㆍ제조기술,인장강도,소재,True,
newgrowth::9::라::1),newgrowth,융복합소재,고강도 구리합금 설계ㆍ제조기술,Mpa,소재,True,
newgrowth::9::라::2),newgrowth,융복합소재,구리 및 구리합금 박판 제조기술,박판,소재,True,
newgrowth::9::마::1),newgrowth,융복합소재,고청정 스테인레스계 무계목강관ㆍ봉강 제조기술,강관,소재,True,
newgrowth::9::마::1),newgrowth,융복합소재,고청정 스테인레스계 무계목강관ㆍ봉강 제조기술,용접이음매,기계,True,
newgrowth::9::마::2),newgrowth,융복합소재,고기능성 H형강 제품 제조기술,H형강,소재,True,
newgrowth::9::마::3),newgrowth,융복합소재,장수명 프리미엄급 금형소재 제조기술,소성가공,소재,True,
newgrowth::9::마::3),newgrowth,융복합소재,장수명 프리미엄급 금형소재 제조기술,특수강,소재,True,
newgrowth::9::바::1),newgrowth,융복합소재,고기능 불소계 실리콘 제조ㆍ가공 기술,기밀력,소재,True,
newgrowth::9::바::1),newgrowth,융복합소재,고기능 불소계 실리콘 제조ㆍ가공 기술,psi,소재,True,
newgrowth::9::바::1),newgrowth,융복합소재,고기능 불소계 실리콘 제조ㆍ가공 기술,내유체적변화율,소재,True,
newgrowth::9::바::1),newgrowth,융복합소재,고기능 불소계 실리콘 제조ㆍ가공 기술,영구압축줄음율,소재,True,
newgrowth::9::바::2),newgrowth,융복합소재,고기능 불소계 고무 제조ㆍ가공 기술,Fuel-C,소재,True,
newgrowth::9::바::2),newgrowth,융복합소재,고기능 불소계 고무 제조ㆍ가공 기술,공중합체,소재,True,
newgrowth::9::바::3),newgrowth,융복합소재,고기능 부타디엔 고무 제조ㆍ가공 기술,Cis content,소재,True,
newgrowth::9::바::3),newgrowth,융복합소재,고기능 부타디엔 고무 제조ㆍ가공 기술,구름저항,소재,True,
newgrowth::9::바::3),newgrowth,융복합소재,고기능 부타디엔 고무 제조ㆍ가공 기술,무니점도,소재,True,
newgrowth::9::바::3),newgrowth,융복합소재,고기능 부타디엔 고무 제조ㆍ가공 기술,부타디엔,소재,True,
newgrowth::9::바::4),newgrowth,융복합소재,고기능 비극성계 접착소재 제조기술,Haze,소재,True,
newgrowth::9::바::4),newgrowth,융복합소재,고기능 비극성계 접착소재 제조기술,관능기,소재,True,
newgrowth::9::바::4),newgrowth,융복합소재,고기능 비극성계 접착소재 제조기술,아크릴레이트,소재,True,
newgrowth::9::바::4),newgrowth,융복합소재,고기능 비극성계 접착소재 제조기술,에틸렌,소재,True,
newgrowth::9::바::5),newgrowth,융복합소재,고기능 에폭시 수지 접착소재 제조 기술,T-박리강도,소재,True,
newgrowth::9::바::5),newgrowth,융복합소재,고기능 에폭시 수지 접착소재 제조 기술,WVTR( Water Vapor Transmission Rate),소재,True,
newgrowth::9::바::5),newgrowth,융복합소재,고기능 에폭시 수지 접착소재 제조 기술,비할로겐,소재,True,
newgrowth::9::바::5),newgrowth,융복합소재,고기능 에폭시 수지 접착소재 제조 기술,전단강도,소재,True,
newgrowth::9::바::5),newgrowth,융복합소재,고기능 에폭시 수지 접착소재 제조 기술,MPa,소재,True,
newgrowth::9::바::5),newgrowth,융복합소재,고기능 에폭시 수지 접착소재 제조 기술,에폭시 수지,소재,True,
newgrowth::9::사::1),newgrowth,융복합소재,타이타늄 소재 제조기술과 금속재료 부품화 기술,단조,소재,True,
newgrowth::9::사::1),newgrowth,융복합소재,타이타늄 소재 제조기술과 금속재료 부품화 기술,루타일,소재,True,
newgrowth::9::사::1),newgrowth,융복합소재,타이타늄 소재 제조기술과 금속재료 부품화 기술,사염화타이타늄(TiCl4),소재,True,
newgrowth::9::사::1),newgrowth,융복합소재,타이타늄 소재 제조기술과 금속재료 부품화 기술,아나타제,소재,True,
newgrowth::9::사::1),newgrowth,융복합소재,타이타늄 소재 제조기술과 금속재료 부품화 기술,압연,소재,True,
newgrowth::9::사::1),newgrowth,융복합소재,타이타늄 소재 제조기술과 금속재료 부품화 기술,이산화타이타늄(TiO2),소재,True,
newgrowth::9::사::1),newgrowth,융복합소재,타이타늄 소재 제조기술과 금속재료 부품화 기술,잉곳,소재,True,
newgrowth::9::사::2),newgrowth,융복합소재,고순도 몰리브덴 금속ㆍ탄화물 분말 및 금속괴 제조 기술,금속괴,소재,True,
newgrowth::9::사::2),newgrowth,융복합소재,고순도 몰리브덴 금속ㆍ탄화물 분말 및 금속괴 제조 기술,몰리브덴,소재,True,
newgrowth::9::사::3),newgrowth,융복합소재,중희토 저감 고기능 영구자석 생산 기술,결정립,소재,True,
newgrowth::9::사::3),newgrowth,융복합소재,중희토 저감 고기능 영구자석 생산 기술,소결체,소재,True,
newgrowth::9::사::3),newgrowth,융복합소재,중희토 저감 고기능 영구자석 생산 기술,영구자석,소재,True,
newgrowth::9::사::3),newgrowth,융복합소재,중희토 저감 고기능 영구자석 생산 기술,중희토,소재,True,
newgrowth::9::사::4),newgrowth,융복합소재,차세대 배기가스 규제 대응을 위한 핵심소재 생산 기술,질소산화물,환경,True,
newgrowth::9::사::4),newgrowth,융복합소재,차세대 배기가스 규제 대응을 위한 핵심소재 생산 기술,황산화물,환경,True,
newgrowth::9::사::5),newgrowth,융복합소재,고융점 금속 기반 4N급 염화물 또는 불화물 전환 기술,전구체,반도체,True,
newgrowth::2::가::1),newgrowth,지능정보,학습 및 추론 기술,모델링(modeling),AI,True,
newgrowth::2::가::1),newgrowth,지능정보,학습 및 추론 기술,지식베이스(knowledge base),AI,True,
newgrowth::2::가::1),newgrowth,지능정보,학습 및 추론 기술,딥러닝(deep learning),AI,True,
newgrowth::2::가::1),newgrowth,지능정보,학습 및 추론 기술,지식추론,AI,True,
newgrowth::2::가::2),newgrowth,지능정보,언어이해 기술,자연어,AI,True,
newgrowth::2::가::3),newgrowth,지능정보,시각이해 기술,컴퓨터 비전(computer vision),AI,True,
newgrowth::2::나::1),newgrowth,지능정보,IoT 네트워크 기술,대량의 네트워크(Massive IoT),IoT,True,
newgrowth::2::나::1),newgrowth,지능정보,IoT 네트워크 기술,저전력 초경량 네트워크 기술(LPWA: Low Power Wide Area),IoT,True,
newgrowth::2::나::3),newgrowth,지능정보,사이버물리시스템 기술,분산제어 시스템,IoT,True,
newgrowth::2::나::3),newgrowth,지능정보,사이버물리시스템 기술,액츄에이터(Actuator),IoT,True,
newgrowth::2::나::3),newgrowth,지능정보,사이버물리시스템 기술,임베디드(embedded),IoT,True,
newgrowth::2::다::1),newgrowth,지능정보,SaaS(Software as a Service) 기술,SaaS,클라우드,True,
newgrowth::2::다::1),newgrowth,지능정보,SaaS(Software as a Service) 기술,매쉬업(mashup),클라우드,True,
newgrowth::2::다::3),newgrowth,지능정보,IaaS(Infrastructure as a Service) 기술,가상머신(Virtual Machine),클라우드,True,
newgrowth::2::다::3),newgrowth,지능정보,IaaS(Infrastructure as a Service) 기술,컨테이너(container,클라우드,True,
newgrowth::2::다::3),newgrowth,지능정보,IaaS(Infrastructure as a Service) 기술,클라우드 서비스 브로커리지(Cloud Service Brokerage),클라우드,True,
newgrowth::2::마::2),newgrowth,지능정보,유연한 양ㆍ음극 소재 및 전극 설계ㆍ제조기술,전극,배터리,True,
newgrowth::2::마::2),newgrowth,지능정보,유연한 양ㆍ음극 소재 및 전극 설계ㆍ제조기술,양ㆍ음극,배터리,True,
newgrowth::2::마::2),newgrowth,지능정보,유연한 양ㆍ음극 소재 및 전극 설계ㆍ제조기술,조성(composition),배터리,True,
newgrowth::2::마::2),newgrowth,지능정보,유연한 양ㆍ음극 소재 및 전극 설계ㆍ제조기술,형상(forming),배터리,True,
newgrowth::2::마::3),newgrowth,지능정보,섬유기반 유연전원(fabric based flexible battery) 제조 기술,에너지 밀도,에너지,True,
newgrowth::2::바::3),newgrowth,지능정보,지능형 기계 및 자율협업 기술,엔코더(Encoder),IoT,True,
newgrowth::2::사::,newgrowth,지능정보,블록체인 기술,분산형 네트워크(P2P Network),블록체인,True,
newgrowth::2::아::,newgrowth,지능정보,양자컴퓨터 제작 및 활용 기술,"큐비트, Qubit",양자,True,
newgrowth::6::가::1),newgrowth,차세대 방송통신,5G 이동통신 기지국 장비 기술,셀(cell),통신,True,
newgrowth::6::가::2),newgrowth,차세대 방송통신,"5G 이동통신 코어네트워크(Core Network, 기간망) 기술",게이트웨이(gateway),통신,True,
newgrowth::6::가::2),newgrowth,차세대 방송통신,"5G 이동통신 코어네트워크(Core Network, 기간망) 기술",라우터(router),통신,True,
newgrowth::6::가::2),newgrowth,차세대 방송통신,"5G 이동통신 코어네트워크(Core Network, 기간망) 기술",스위치(switch),통신,True,
newgrowth::6::가::2),newgrowth,차세대 방송통신,"5G 이동통신 코어네트워크(Core Network, 기간망) 기술",트래픽(traffic),통신,True,
newgrowth::6::가::3),newgrowth,차세대 방송통신,5G 이동통신 단말 특화 부품 기술,RF(radio frequency),통신,True,
newgrowth::6::가::3),newgrowth,차세대 방송통신,5G 이동통신 단말 특화 부품 기술,"베이스밴드(baseband, 기저대역)",통신,True,
newgrowth::6::가::4),newgrowth,차세대 방송통신,6G 이동통신 기술,RF,통신,True,
newgrowth::6::가::4),newgrowth,차세대 방송통신,6G 이동통신 기술,bps,통신,True,
newgrowth::6::가::4),newgrowth,차세대 방송통신,6G 이동통신 기술,대역,통신,True,
newgrowth::6::가::5),newgrowth,차세대 방송통신,차세대 근거리 무선통신 기술,802.11ac,통신,True,
newgrowth::6::나::2),newgrowth,차세대 방송통신,UHD 방송 통합 다중화기 기술,MMT(MPEG Media Transport),방송,True,
newgrowth::6::나::2),newgrowth,차세대 방송통신,UHD 방송 통합 다중화기 기술,UHD,방송,True,
newgrowth::6::나::2),newgrowth,차세대 방송통신,UHD 방송 통합 다중화기 기술,MPEG-2 TS(Transport System),방송,True,
newgrowth::6::나::2),newgrowth,차세대 방송통신,UHD 방송 통합 다중화기 기술,ROUTE,방송,True,
newgrowth::6::나::3),newgrowth,차세대 방송통신,신규 방송서비스 제공을 위한 시그널링 시스템 기술,UHD,방송,True,
newgrowth::6::나::3),newgrowth,차세대 방송통신,신규 방송서비스 제공을 위한 시그널링 시스템 기술,메타데이터(metadata),방송,True,
newgrowth::6::나::3),newgrowth,차세대 방송통신,신규 방송서비스 제공을 위한 시그널링 시스템 기술,서비스가이드 인코더(service guide encoder),방송,True,
newgrowth::6::나::3),newgrowth,차세대 방송통신,신규 방송서비스 제공을 위한 시그널링 시스템 기술,시그널 인코더(signal encoder),방송,True,
newgrowth::6::나::3),newgrowth,차세대 방송통신,신규 방송서비스 제공을 위한 시그널링 시스템 기술,시그널/서비스가이드 서버(signal/service guide server),방송,True,
newgrowth::6::나::3),newgrowth,차세대 방송통신,신규 방송서비스 제공을 위한 시그널링 시스템 기술,시그널링(signaling),방송,True,
newgrowth::6::나::3),newgrowth,차세대 방송통신,신규 방송서비스 제공을 위한 시그널링 시스템 기술,앱 시그널링 인코더(app signaling encoder),방송,True,
newgrowth::3::가::2),newgrowth,차세대소프트웨어(SW) 및 보안,이기종(異機種) 멀티코아 소프트웨어 기술,보조연산장치,반도체,True,
newgrowth::3::가::2),newgrowth,차세대소프트웨어(SW) 및 보안,이기종(異機種) 멀티코아 소프트웨어 기술,연산가속장치,반도체,True,
newgrowth::3::가::2),newgrowth,차세대소프트웨어(SW) 및 보안,이기종(異機種) 멀티코아 소프트웨어 기술,중앙연산장치(CPU),반도체,True,
newgrowth::3::가::3),newgrowth,차세대소프트웨어(SW) 및 보안,분산병렬 소프트웨어 기술,분산 컴퓨팅,SW,True,
newgrowth::3::가::4),newgrowth,차세대소프트웨어(SW) 및 보안,차세대 메모리 기반 시스템 소프트웨어 기술,비휘발성 메모리,HW,True,
newgrowth::3::나::3),newgrowth,차세대소프트웨어(SW) 및 보안,미래컴퓨팅 응용ㆍ보안기술,양자컴퓨팅(quantum computing),양자,True,
newgrowth::5::가::1),newgrowth,차세대전자정보 디바이스,고속 컴퓨팅을 위한 SoC 설계ㆍ제조 기술,SoC(System on Chip),반도체,True,
newgrowth::5::가::1),newgrowth,차세대전자정보 디바이스,고속 컴퓨팅을 위한 SoC 설계ㆍ제조 기술,뉴럴넷(Neural Network),AI,True,
newgrowth::5::가::1),newgrowth,차세대전자정보 디바이스,고속 컴퓨팅을 위한 SoC 설계ㆍ제조 기술,매니코어(Many Core),반도체,True,
newgrowth::5::가::1),newgrowth,차세대전자정보 디바이스,고속 컴퓨팅을 위한 SoC 설계ㆍ제조 기술,슈퍼프로세서,반도체,True,
newgrowth::5::가::10),newgrowth,차세대전자정보 디바이스,전자제품 무선충전 기술,RF(Radio Frequency),통신,True,
newgrowth::5::가::10),newgrowth,차세대전자정보 디바이스,전자제품 무선충전 기술,공진,통신,True,
newgrowth::5::가::10),newgrowth,차세대전자정보 디바이스,전자제품 무선충전 기술,유도,통신,True,
newgrowth::5::가::11),newgrowth,차세대전자정보 디바이스,웨이퍼레벨 칩 패키징 공정기술,다이싱(dicing),반도체,True,
newgrowth::5::가::11),newgrowth,차세대전자정보 디바이스,웨이퍼레벨 칩 패키징 공정기술,패키징,반도체,True,
newgrowth::5::가::2),newgrowth,차세대전자정보 디바이스,초소형ㆍ초저전력 IoTㆍ웨어러블 SoC 설계ㆍ제조 기술,SoC(System on Chip),반도체,True,
newgrowth::5::가::3),newgrowth,차세대전자정보 디바이스,"SoC 파운드리 제조, 후공정 및 장비 설계ㆍ제조 기술",2D/2.5D/3D 패키징,반도체,True,
newgrowth::5::가::3),newgrowth,차세대전자정보 디바이스,"SoC 파운드리 제조, 후공정 및 장비 설계ㆍ제조 기술",SoC(System on Chip),반도체,True,
newgrowth::5::가::3),newgrowth,차세대전자정보 디바이스,"SoC 파운드리 제조, 후공정 및 장비 설계ㆍ제조 기술",파운드리(Foundry),반도체,True,
newgrowth::5::가::3),newgrowth,차세대전자정보 디바이스,"SoC 파운드리 제조, 후공정 및 장비 설계ㆍ제조 기술",파운드리,반도체,True,
newgrowth::5::가::3),newgrowth,차세대전자정보 디바이스,"SoC 파운드리 제조, 후공정 및 장비 설계ㆍ제조 기술",후공정,반도체,True,
newgrowth::5::가::4),newgrowth,차세대전자정보 디바이스,차세대 메모리반도체 제조기술과 소재ㆍ장비 및 장비부품의 설계ㆍ제조기술,D램(DRAM),반도체,True,
newgrowth::5::가::4),newgrowth,차세대전자정보 디바이스,차세대 메모리반도체 제조기술과 소재ㆍ장비 및 장비부품의 설계ㆍ제조기술,PRAM(Phase-change Random Access Memory),반도체,True,
newgrowth::5::가::4),newgrowth,차세대전자정보 디바이스,차세대 메모리반도체 제조기술과 소재ㆍ장비 및 장비부품의 설계ㆍ제조기술,ReRAM(Resistive Random Access Memory),반도체,True,
newgrowth::5::가::4),newgrowth,차세대전자정보 디바이스,차세대 메모리반도체 제조기술과 소재ㆍ장비 및 장비부품의 설계ㆍ제조기술,STT-MRAM(Spin Transfer Torque-Magnetic Random Access Memory),반도체,True,
newgrowth::5::가::4),newgrowth,차세대전자정보 디바이스,차세대 메모리반도체 제조기술과 소재ㆍ장비 및 장비부품의 설계ㆍ제조기술,낸드 플래시메모리(Nand Flash Memory),반도체,True,
newgrowth::5::가::5),newgrowth,차세대전자정보 디바이스,지능형 마이크로 센서 설계ㆍ제조ㆍ패키지 기술,CMOS 이미지센서,반도체,True,
newgrowth::5::가::5),newgrowth,차세대전자정보 디바이스,지능형 마이크로 센서 설계ㆍ제조ㆍ패키지 기술,"MEMS[Micro Electro Mechanical System, 기계부품ㆍ센서(sensor)ㆍ액츄에이터(actuator) 및 전자회로를 하나의 기판 위에 집적화)]",반도체,True,
newgrowth::5::가::5),newgrowth,차세대전자정보 디바이스,지능형 마이크로 센서 설계ㆍ제조ㆍ패키지 기술,SoC(System on Chip),반도체,True,
newgrowth::5::가::5),newgrowth,차세대전자정보 디바이스,지능형 마이크로 센서 설계ㆍ제조ㆍ패키지 기술,액츄에이터(actuator),반도체,True,
newgrowth::5::가::6),newgrowth,차세대전자정보 디바이스,차량용 반도체 설계ㆍ제조기술,ECU(Electronic control unit),자동차,True,
newgrowth::5::가::6),newgrowth,차세대전자정보 디바이스,차량용 반도체 설계ㆍ제조기술,MCU(Micro controller unit),자동차,True,
newgrowth::5::가::6),newgrowth,차세대전자정보 디바이스,차량용 반도체 설계ㆍ제조기술,파워IC,반도체,True,
newgrowth::5::가::7),newgrowth,차세대전자정보 디바이스,에너지효율향상 반도체 설계ㆍ제조기술,IGBT,반도체,True,
newgrowth::5::가::7),newgrowth,차세대전자정보 디바이스,에너지효율향상 반도체 설계ㆍ제조기술,MOSFET(MOS field-effect transistor),반도체,True,
newgrowth::5::가::7),newgrowth,차세대전자정보 디바이스,에너지효율향상 반도체 설계ㆍ제조기술,SiC MOSFET,반도체,True,
newgrowth::5::가::7),newgrowth,차세대전자정보 디바이스,에너지효율향상 반도체 설계ㆍ제조기술,SJ(Super Junction) MOSFET,반도체,True,
newgrowth::5::가::7),newgrowth,차세대전자정보 디바이스,에너지효율향상 반도체 설계ㆍ제조기술,인버터,반도체,True,
newgrowth::5::가::8),newgrowth,차세대전자정보 디바이스,첨단 메모리반도체 설계ㆍ제조기술,D램,반도체,True,
newgrowth::5::가::8),newgrowth,차세대전자정보 디바이스,첨단 메모리반도체 설계ㆍ제조기술,낸드플래시메모리,반도체,True,
newgrowth::5::가::9),newgrowth,차세대전자정보 디바이스,에너지효율향상 전력 반도체 BCDMOS(Bipolar /Complementary/Double-diffused metal-oxide-semiconductor) 설계ㆍ제조 기술,BCDMOS(Bipolar /Complementary/Double-diffused metal-oxide-semiconductor),반도체,True,
newgrowth::5::나::1),newgrowth,차세대전자정보 디바이스,포토레지스트(Photoresist) 개발 및 제조기술,ArF(불화아르곤),반도체,True,
newgrowth::5::나::1),newgrowth,차세대전자정보 디바이스,포토레지스트(Photoresist) 개발 및 제조기술,EUV(극자외선),반도체,True,
newgrowth::5::나::1),newgrowth,차세대전자정보 디바이스,포토레지스트(Photoresist) 개발 및 제조기술,리소그래피(lithography),반도체,True,
newgrowth::5::나::1),newgrowth,차세대전자정보 디바이스,포토레지스트(Photoresist) 개발 및 제조기술,Photoresist,반도체,True,
newgrowth::5::나::1),newgrowth,차세대전자정보 디바이스,포토레지스트(Photoresist) 개발 및 제조기술,현상(Developing),반도체,True,
newgrowth::5::나::10),newgrowth,차세대전자정보 디바이스,코트막형성재 개발 및 제조 기술,감광성 코팅,반도체,True,
newgrowth::5::나::10),newgrowth,차세대전자정보 디바이스,코트막형성재 개발 및 제조 기술,패키징,반도체,True,
newgrowth::5::나::2),newgrowth,차세대전자정보 디바이스,"원자층증착법(ALD, Atomic Layer Deposition) 및 화학증착법(CVD, Chemical Vapor Deposition)을 위한 고유전체(High-k dielectric)용 전구체 개발 기술",high-k dielectric,반도체,True,
newgrowth::5::나::2),newgrowth,차세대전자정보 디바이스,"원자층증착법(ALD, Atomic Layer Deposition) 및 화학증착법(CVD, Chemical Vapor Deposition)을 위한 고유전체(High-k dielectric)용 전구체 개발 기술",박막,반도체,True,
newgrowth::5::나::2),newgrowth,차세대전자정보 디바이스,"원자층증착법(ALD, Atomic Layer Deposition) 및 화학증착법(CVD, Chemical Vapor Deposition)을 위한 고유전체(High-k dielectric)용 전구체 개발 기술",증착,반도체,True,
newgrowth::5::나::2),newgrowth,차세대전자정보 디바이스,"원자층증착법(ALD, Atomic Layer Deposition) 및 화학증착법(CVD, Chemical Vapor Deposition)을 위한 고유전체(High-k dielectric)용 전구체 개발 기술",ALD,반도체,True,
newgrowth::5::나::2),newgrowth,차세대전자정보 디바이스,"원자층증착법(ALD, Atomic Layer Deposition) 및 화학증착법(CVD, Chemical Vapor Deposition)을 위한 고유전체(High-k dielectric)용 전구체 개발 기술",이산화규소(SiO2),소재,True,
newgrowth::5::나::2),newgrowth,차세대전자정보 디바이스,"원자층증착법(ALD, Atomic Layer Deposition) 및 화학증착법(CVD, Chemical Vapor Deposition)을 위한 고유전체(High-k dielectric)용 전구체 개발 기술",전구체,반도체,True,
newgrowth::5::나::2),newgrowth,차세대전자정보 디바이스,"원자층증착법(ALD, Atomic Layer Deposition) 및 화학증착법(CVD, Chemical Vapor Deposition)을 위한 고유전체(High-k dielectric)용 전구체 개발 기술",CVD,반도체,True,
newgrowth::5::나::3),newgrowth,차세대전자정보 디바이스,고순도 불화수소 개발 및 제조기술,불화수소,반도체,True,
newgrowth::5::나::4),newgrowth,차세대전자정보 디바이스,블랭크 마스크(Blank Mask) 개발 및 제조기술,블랭크마스크,반도체,True,
newgrowth::5::나::4),newgrowth,차세대전자정보 디바이스,블랭크 마스크(Blank Mask) 개발 및 제조기술,스터러링용 타겟,반도체,True,
newgrowth::5::나::4),newgrowth,차세대전자정보 디바이스,블랭크 마스크(Blank Mask) 개발 및 제조기술,펠리클(Pellicle),반도체,True,
newgrowth::5::나::4),newgrowth,차세대전자정보 디바이스,블랭크 마스크(Blank Mask) 개발 및 제조기술,합성 쿼츠,반도체,True,
newgrowth::5::나::4),newgrowth,차세대전자정보 디바이스,블랭크 마스크(Blank Mask) 개발 및 제조기술,ArF(불화아르곤),반도체,True,
newgrowth::5::나::4),newgrowth,차세대전자정보 디바이스,블랭크 마스크(Blank Mask) 개발 및 제조기술,EUV(극자외선),반도체,True,
newgrowth::5::나::5),newgrowth,차세대전자정보 디바이스,반도체용 기판 개발 및 제조기술,D램,반도체,True,
newgrowth::5::나::5),newgrowth,차세대전자정보 디바이스,반도체용 기판 개발 및 제조기술,낸드플래시메모리,반도체,True,
newgrowth::5::나::5),newgrowth,차세대전자정보 디바이스,반도체용 기판 개발 및 제조기술,에피텍셜 반도체,반도체,True,
newgrowth::5::나::6),newgrowth,차세대전자정보 디바이스,첨단 메모리반도체 장비 및 장비부품의 설계ㆍ제조 기술,D램(DRAM),반도체,True,
newgrowth::5::나::6),newgrowth,차세대전자정보 디바이스,첨단 메모리반도체 장비 및 장비부품의 설계ㆍ제조 기술,낸드 플래시메모리(Nand Flash Memory),반도체,True,
newgrowth::5::나::8),newgrowth,차세대전자정보 디바이스,고기능성 인산 제조 기술,SiNx,반도체,True,
newgrowth::5::나::8),newgrowth,차세대전자정보 디바이스,고기능성 인산 제조 기술,SiOx,반도체,True,
newgrowth::5::나::8),newgrowth,차세대전자정보 디바이스,고기능성 인산 제조 기술,고선택비,반도체,True,
newgrowth::5::나::8),newgrowth,차세대전자정보 디바이스,고기능성 인산 제조 기술,식각,반도체,True,
newgrowth::5::나::8),newgrowth,차세대전자정보 디바이스,고기능성 인산 제조 기술,인산계 식각액,반도체,True,
newgrowth::5::나::9),newgrowth,차세대전자정보 디바이스,고순도 석영(쿼츠) 도가니 제조 기술,용융,반도체,True,
newgrowth::5::다::1),newgrowth,차세대전자정보 디바이스,9인치 이상 능동형 유기발광 다이오드(AMOLED: Active Matrix Organic Light Emitting Diode) 패널 기능개선 및 부품ㆍ소재ㆍ장비 제조 기술,AMOLED,디스플레이,True,
newgrowth::5::다::1),newgrowth,차세대전자정보 디바이스,9인치 이상 능동형 유기발광 다이오드(AMOLED: Active Matrix Organic Light Emitting Diode) 패널 기능개선 및 부품ㆍ소재ㆍ장비 제조 기술,"산화물(Oxide) TFT(Thin Film Transistor",디스플레이,True,
newgrowth::5::다::1),newgrowth,차세대전자정보 디바이스,9인치 이상 능동형 유기발광 다이오드(AMOLED: Active Matrix Organic Light Emitting Diode) 패널 기능개선 및 부품ㆍ소재ㆍ장비 제조 기술,"저온폴리실리콘(LTPS, Low Temperature Poly Silicon)",디스플레이,True,
newgrowth::5::다::1),newgrowth,차세대전자정보 디바이스,9인치 이상 능동형 유기발광 다이오드(AMOLED: Active Matrix Organic Light Emitting Diode) 패널 기능개선 및 부품ㆍ소재ㆍ장비 제조 기술,진공 증발 증착,디스플레이,True,
newgrowth::5::다::2),newgrowth,차세대전자정보 디바이스,대기압 플라즈마 식각 장비 기술,박막,디스플레이,True,
newgrowth::5::다::2),newgrowth,차세대전자정보 디바이스,대기압 플라즈마 식각 장비 기술,식각,디스플레이,True,
newgrowth::5::다::2),newgrowth,차세대전자정보 디바이스,대기압 플라즈마 식각 장비 기술,플라즈마(plasma),디스플레이,True,
newgrowth::5::다::3),newgrowth,차세대전자정보 디바이스,플렉서블 디스플레이 패널ㆍ부품ㆍ소재ㆍ장비 제조 기술,봉지,디스플레이,True,
newgrowth::5::다::3),newgrowth,차세대전자정보 디바이스,플렉서블 디스플레이 패널ㆍ부품ㆍ소재ㆍ장비 제조 기술,TFT(Thin Film Transistor),디스플레이,True,
newgrowth::5::다::4),newgrowth,차세대전자정보 디바이스,차세대 차량용 디스플레이 패널ㆍ부품ㆍ소재ㆍ장비 제조 기술,black uniformity,디스플레이,True,
newgrowth::5::다::4),newgrowth,차세대전자정보 디바이스,차세대 차량용 디스플레이 패널ㆍ부품ㆍ소재ㆍ장비 제조 기술,다결정 저온 폴리실리콘(LTPS-LCD),디스플레이,True,
newgrowth::5::다::5),newgrowth,차세대전자정보 디바이스,마이크로 LED 디스플레이 패널ㆍ부품ㆍ소재ㆍ장비 제조 기술,마이크로 LED,디스플레이,True,
newgrowth::5::다::5),newgrowth,차세대전자정보 디바이스,마이크로 LED 디스플레이 패널ㆍ부품ㆍ소재ㆍ장비 제조 기술,에피공정,디스플레이,True,
newgrowth::5::다::7),newgrowth,차세대전자정보 디바이스,친환경 QD(Quantum Dot) 나노 소재 적용 디스플레이 패널ㆍ부품ㆍ소재ㆍ장비 제조 기술,QD,디스플레이,True,
newgrowth::5::라::,newgrowth,차세대전자정보 디바이스,3D프린팅 소재ㆍ장비 개발 및 제조기술,금속분말,3D프린팅,True,
newgrowth::5::라::,newgrowth,차세대전자정보 디바이스,3D프린팅 소재ㆍ장비 개발 및 제조기술,액체수지,3D프린팅,True,
newgrowth::12::가::1),newgrowth,첨단 소재ㆍ부품ㆍ장비,고기능성 알루미늄 도금강판 제조 기술,SST,소재,True,
newgrowth::12::가::1),newgrowth,첨단 소재ㆍ부품ㆍ장비,고기능성 알루미늄 도금강판 제조 기술,KSD9502,소재,True,
newgrowth::12::가::1),newgrowth,첨단 소재ㆍ부품ㆍ장비,고기능성 알루미늄 도금강판 제조 기술,고온성형성,소재,True,
newgrowth::12::가::1),newgrowth,첨단 소재ㆍ부품ㆍ장비,고기능성 알루미늄 도금강판 제조 기술,조성,소재,True,
newgrowth::12::가::10),newgrowth,첨단 소재ㆍ부품ㆍ장비,고규소 함량 저철손 전기강판 제조기술,저철손,소재,True,
newgrowth::12::가::10),newgrowth,첨단 소재ㆍ부품ㆍ장비,고규소 함량 저철손 전기강판 제조기술,전기강판,소재,True,
newgrowth::12::가::11),newgrowth,첨단 소재ㆍ부품ㆍ장비,기능화 그래핀 기반 차세대 전자소자ㆍ에너지시스템용 복합소재 제조ㆍ공정기술,기능화 그래핀,소재,True,
newgrowth::12::가::12),newgrowth,첨단 소재ㆍ부품ㆍ장비,고성능 실리카 에어로겔 단열재 제조 기술,에어로겔,소재,True,
newgrowth::12::가::13),newgrowth,첨단 소재ㆍ부품ㆍ장비,MLCC용 초미세 니켈 나노분말 및 내부전극용 나노 페이스트 제조 기술,MLCC,전자,True,
newgrowth::12::가::13),newgrowth,첨단 소재ㆍ부품ㆍ장비,MLCC용 초미세 니켈 나노분말 및 내부전극용 나노 페이스트 제조 기술,니켈 나노분말,소재,True,
newgrowth::12::가::13),newgrowth,첨단 소재ㆍ부품ㆍ장비,MLCC용 초미세 니켈 나노분말 및 내부전극용 나노 페이스트 제조 기술,니켈 페이스트,소재,True,
newgrowth::12::가::2),newgrowth,첨단 소재ㆍ부품ㆍ장비,고순도 산화알루미늄 제조기술,산화알루미늄,소재,True,
newgrowth::12::가::3),newgrowth,첨단 소재ㆍ부품ㆍ장비,거리감지센서용 압전결정소자 및 초음파 트랜스듀서 기술,압전결정소자,소재,True,
newgrowth::12::가::3),newgrowth,첨단 소재ㆍ부품ㆍ장비,거리감지센서용 압전결정소자 및 초음파 트랜스듀서 기술,트랜스듀서,소재,True,
newgrowth::12::가::4),newgrowth,첨단 소재ㆍ부품ㆍ장비,고기능성 인조흑연 제조기술,등방블록,소재,True,
newgrowth::12::가::4),newgrowth,첨단 소재ㆍ부품ㆍ장비,고기능성 인조흑연 제조기술,전극봉,에너지,True,
newgrowth::12::가::4),newgrowth,첨단 소재ㆍ부품ㆍ장비,고기능성 인조흑연 제조기술,코크스,소재,True,
newgrowth::12::가::4),newgrowth,첨단 소재ㆍ부품ㆍ장비,고기능성 인조흑연 제조기술,피치,소재,True,
newgrowth::12::가::5),newgrowth,첨단 소재ㆍ부품ㆍ장비,고효율ㆍ고용량 이차전지 음극재 제조 기술,나노 실리콘,소재,True,
newgrowth::12::가::5),newgrowth,첨단 소재ㆍ부품ㆍ장비,고효율ㆍ고용량 이차전지 음극재 제조 기술,음극재,배터리,True,
newgrowth::12::가::5),newgrowth,첨단 소재ㆍ부품ㆍ장비,고효율ㆍ고용량 이차전지 음극재 제조 기술,카본코팅,소재,True,
newgrowth::12::가::6),newgrowth,첨단 소재ㆍ부품ㆍ장비,전극용 탄소나노튜브 제조 및 이를 활용한 도전재 제조 공정 기술,도전재,배터리,True,
newgrowth::12::가::6),newgrowth,첨단 소재ㆍ부품ㆍ장비,전극용 탄소나노튜브 제조 및 이를 활용한 도전재 제조 공정 기술,비철계,소재,True,
newgrowth::12::가::6),newgrowth,첨단 소재ㆍ부품ㆍ장비,전극용 탄소나노튜브 제조 및 이를 활용한 도전재 제조 공정 기술,열화 현상,에너지,True,
newgrowth::12::가::6),newgrowth,첨단 소재ㆍ부품ㆍ장비,전극용 탄소나노튜브 제조 및 이를 활용한 도전재 제조 공정 기술,"탄소나노튜브(CNT, Carbon Nanotube)",소재,True,
newgrowth::12::가::6),newgrowth,첨단 소재ㆍ부품ㆍ장비,전극용 탄소나노튜브 제조 및 이를 활용한 도전재 제조 공정 기술,CNT,소재,True,
newgrowth::12::가::6),newgrowth,첨단 소재ㆍ부품ㆍ장비,전극용 탄소나노튜브 제조 및 이를 활용한 도전재 제조 공정 기술,전극,배터리,True,
newgrowth::12::가::7),newgrowth,첨단 소재ㆍ부품ㆍ장비,고순도 리튬화합물 제조 기술,리튬화합물,소재,True,
newgrowth::12::가::7),newgrowth,첨단 소재ㆍ부품ㆍ장비,고순도 리튬화합물 제조 기술,선광,소재,True,
newgrowth::12::가::7),newgrowth,첨단 소재ㆍ부품ㆍ장비,고순도 리튬화합물 제조 기술,염화,소재,True,
newgrowth::12::가::8),newgrowth,첨단 소재ㆍ부품ㆍ장비,니켈광 대상 니켈 회수공정 기술,고압산침출,소재,True,
newgrowth::12::가::8),newgrowth,첨단 소재ㆍ부품ㆍ장비,니켈광 대상 니켈 회수공정 기술,라테라이트,소재,True,
newgrowth::12::가::8),newgrowth,첨단 소재ㆍ부품ㆍ장비,니켈광 대상 니켈 회수공정 기술,질산침출,소재,True,
newgrowth::12::가::9),newgrowth,첨단 소재ㆍ부품ㆍ장비,희토류 원료 제조공정 기술,형광체,소재,True,
newgrowth::12::가::9),newgrowth,첨단 소재ㆍ부품ㆍ장비,희토류 원료 제조공정 기술,희토류,소재,True,
newgrowth::12::나::1),newgrowth,첨단 소재ㆍ부품ㆍ장비,고정밀 롤러베어링 및 볼베어링 설계ㆍ제조 기술,구름베어링,부품,True,
newgrowth::12::나::1),newgrowth,첨단 소재ㆍ부품ㆍ장비,고정밀 롤러베어링 및 볼베어링 설계ㆍ제조 기술,롤러,부품,True,
newgrowth::12::나::1),newgrowth,첨단 소재ㆍ부품ㆍ장비,고정밀 롤러베어링 및 볼베어링 설계ㆍ제조 기술,볼,부품,True,
newgrowth::12::나::1),newgrowth,첨단 소재ㆍ부품ㆍ장비,고정밀 롤러베어링 및 볼베어링 설계ㆍ제조 기술,정밀도 P5,부품,True,
newgrowth::12::나::2),newgrowth,첨단 소재ㆍ부품ㆍ장비,고압 컨트롤 밸브 설계ㆍ제조 기술,컨트롤 벨브,부품,True,
newgrowth::12::나::2),newgrowth,첨단 소재ㆍ부품ㆍ장비,고압 컨트롤 밸브 설계ㆍ제조 기술,B5,부품,True,
newgrowth::12::나::2),newgrowth,첨단 소재ㆍ부품ㆍ장비,고압 컨트롤 밸브 설계ㆍ제조 기술,유압 액추에이터,부품,True,
newgrowth::12::나::2),newgrowth,첨단 소재ㆍ부품ㆍ장비,고압 컨트롤 밸브 설계ㆍ제조 기술,유압모터,부품,True,
newgrowth::12::나::3),newgrowth,첨단 소재ㆍ부품ㆍ장비,고정밀 볼스크류 설계ㆍ제조기술,공차,부품,True,
newgrowth::12::나::3),newgrowth,첨단 소재ㆍ부품ㆍ장비,고정밀 볼스크류 설계ㆍ제조기술,정밀도 C3,부품,True,
newgrowth::12::나::5),newgrowth,첨단 소재ㆍ부품ㆍ장비,고성능 터보식 펌프 설계ㆍ제조기술,블레이드,부품,True,
newgrowth::12::나::5),newgrowth,첨단 소재ㆍ부품ㆍ장비,고성능 터보식 펌프 설계ㆍ제조기술,임펠러,부품,True,
newgrowth::12::나::5),newgrowth,첨단 소재ㆍ부품ㆍ장비,고성능 터보식 펌프 설계ㆍ제조기술,터보식 펌프,부품,True,
newgrowth::12::나::6),newgrowth,첨단 소재ㆍ부품ㆍ장비,특수 렌즈 소재ㆍ부품ㆍ장비 제조기술,굴절률(nd),소재,True,
newgrowth::12::나::6),newgrowth,첨단 소재ㆍ부품ㆍ장비,특수 렌즈 소재ㆍ부품ㆍ장비 제조기술,원적외선,소재,True,
newgrowth::12::나::6),newgrowth,첨단 소재ㆍ부품ㆍ장비,특수 렌즈 소재ㆍ부품ㆍ장비 제조기술,자외광,소재,True,
newgrowth::12::나::7),newgrowth,첨단 소재ㆍ부품ㆍ장비,고기능 적층세라믹콘덴서(MLCC: Multi Layer Ceramic Capacitor) 소재ㆍ부품 제조기술,적층세라믹컨덴서,전자,True,
newgrowth::12::나::8),newgrowth,첨단 소재ㆍ부품ㆍ장비,선박용 모터(Motor) 설계ㆍ제조기술,방폭형 모터,조선,True,
newgrowth::12::나::8),newgrowth,첨단 소재ㆍ부품ㆍ장비,선박용 모터(Motor) 설계ㆍ제조기술,수소 연료전지,에너지,True,
newgrowth::12::나::8),newgrowth,첨단 소재ㆍ부품ㆍ장비,선박용 모터(Motor) 설계ㆍ제조기술,크레인(Crane),조선,True,
newgrowth::12::나::8),newgrowth,첨단 소재ㆍ부품ㆍ장비,선박용 모터(Motor) 설계ㆍ제조기술,팬(Pan),조선,True,
newgrowth::12::다::1),newgrowth,첨단 소재ㆍ부품ㆍ장비,첨단 머시닝센터 설계ㆍ제조기술,CNC(Computerized Numerical Controller),장비,True,
newgrowth::12::다::1),newgrowth,첨단 소재ㆍ부품ㆍ장비,첨단 머시닝센터 설계ㆍ제조기술,드릴링,장비,True,
newgrowth::12::다::1),newgrowth,첨단 소재ㆍ부품ㆍ장비,첨단 머시닝센터 설계ㆍ제조기술,머시닝센터,장비,True,
newgrowth::12::다::1),newgrowth,첨단 소재ㆍ부품ㆍ장비,첨단 머시닝센터 설계ㆍ제조기술,밀링,장비,True,
newgrowth::12::다::1),newgrowth,첨단 소재ㆍ부품ㆍ장비,첨단 머시닝센터 설계ㆍ제조기술,보링가공,장비,True,
newgrowth::12::다::1),newgrowth,첨단 소재ㆍ부품ㆍ장비,첨단 머시닝센터 설계ㆍ제조기술,자동공구교환장치(Automatic Tool Changer),장비,True,
newgrowth::12::다::2),newgrowth,첨단 소재ㆍ부품ㆍ장비,열간 등방압 정수압 프레스 설계ㆍ제조 기술,등방압,장비,True,
newgrowth::12::다::2),newgrowth,첨단 소재ㆍ부품ㆍ장비,열간 등방압 정수압 프레스 설계ㆍ제조 기술,압력매체,장비,True,
newgrowth::12::다::2),newgrowth,첨단 소재ㆍ부품ㆍ장비,열간 등방압 정수압 프레스 설계ㆍ제조 기술,정수압,장비,True,
newgrowth::12::다::3),newgrowth,첨단 소재ㆍ부품ㆍ장비,연삭가공기 설계ㆍ제조 기술,결합제,소재,True,
newgrowth::12::다::3),newgrowth,첨단 소재ㆍ부품ㆍ장비,연삭가공기 설계ㆍ제조 기술,고정도,소재,True,
newgrowth::12::다::3),newgrowth,첨단 소재ㆍ부품ㆍ장비,연삭가공기 설계ㆍ제조 기술,숫돌,장비,True,
newgrowth::12::다::4),newgrowth,첨단 소재ㆍ부품ㆍ장비,첨단 터닝센터 설계ㆍ제조기술,스카이빙,장비,True,
newgrowth::12::다::5),newgrowth,첨단 소재ㆍ부품ㆍ장비,첨단 회전 성형기 설계ㆍ제조 기술,맨드릴,장비,True,
newgrowth::12::다::5),newgrowth,첨단 소재ㆍ부품ㆍ장비,첨단 회전 성형기 설계ㆍ제조 기술,주축,장비,True,
newgrowth::12::다::5),newgrowth,첨단 소재ㆍ부품ㆍ장비,첨단 회전 성형기 설계ㆍ제조 기술,롤러,장비,True,
newgrowth::12::다::5),newgrowth,첨단 소재ㆍ부품ㆍ장비,첨단 회전 성형기 설계ㆍ제조 기술,성형,장비,True,
newgrowth::12::다::6),newgrowth,첨단 소재ㆍ부품ㆍ장비,첨단 밸런싱머신 설계ㆍ제조기술,베어링,부품,True,
newgrowth::12::다::7),newgrowth,첨단 소재ㆍ부품ㆍ장비,첨단 레이저 가공장비 설계ㆍ제조기술,레이저 가공헤드,장비,True,
newgrowth::12::다::7),newgrowth,첨단 소재ㆍ부품ㆍ장비,첨단 레이저 가공장비 설계ㆍ제조기술,용융,장비,True,
newgrowth::12::다::8),newgrowth,첨단 소재ㆍ부품ㆍ장비,방전가공기 장비ㆍ부품의 설계ㆍ제조기술,난삭재,소재,True,
newgrowth::12::다::8),newgrowth,첨단 소재ㆍ부품ㆍ장비,방전가공기 장비ㆍ부품의 설계ㆍ제조기술,초경합금,소재,True,
newgrowth::4::가::3),newgrowth,콘텐츠,오감체험형 4D 콘텐츠 제작기술,증강현실(Augmented Reality),콘텐츠,True,
newgrowth::4::가::4),newgrowth,콘텐츠,디지털 홀로그램(Hologram) 콘텐츠 제작기술,간섭무늬,콘텐츠,True,
newgrowth::4::가::4),newgrowth,콘텐츠,디지털 홀로그램(Hologram) 콘텐츠 제작기술,조명광 파면(wavefront),콘텐츠,True,
newgrowth::4::가::4),newgrowth,콘텐츠,디지털 홀로그램(Hologram) 콘텐츠 제작기술,프린지(fringe),콘텐츠,True,
newgrowth::4::가::4),newgrowth,콘텐츠,디지털 홀로그램(Hologram) 콘텐츠 제작기술,홀로그램,콘텐츠,True,
newgrowth::4::나::1),newgrowth,콘텐츠,게임 콘텐츠 제작기술,UI(User Interface),콘텐츠,True,
newgrowth::4::나::1),newgrowth,콘텐츠,게임 콘텐츠 제작기술,게임엔진,콘텐츠,True,
newgrowth::4::나::2),newgrowth,콘텐츠,영화ㆍ방송 콘텐츠 제작기술,사전시각화(pre-visualization),콘텐츠,True,
newgrowth::4::나::3),newgrowth,콘텐츠,애니메이션 콘텐츠 제작기술,머신러닝,AI,True,
newgrowth::4::나::3),newgrowth,콘텐츠,애니메이션 콘텐츠 제작기술,게임엔진,콘텐츠,True,
newgrowth::4::나::3),newgrowth,콘텐츠,애니메이션 콘텐츠 제작기술,버추얼 프로덕션(virtual production),콘텐츠,True,
newgrowth::4::나::3),newgrowth,콘텐츠,애니메이션 콘텐츠 제작기술,에셋,콘텐츠,True,
newgrowth::13::가::1),newgrowth,탄소중립,연소 후 이산화탄소 포집 기술,분리막,에너지,True,
newgrowth::13::가::1),newgrowth,탄소중립,연소 후 이산화탄소 포집 기술,흡수제,에너지,True,
newgrowth::13::가::1),newgrowth,탄소중립,연소 후 이산화탄소 포집 기술,흡착제,에너지,True,
newgrowth::13::가::2),newgrowth,탄소중립,연소 전 이산화탄소 포집기술,분리막,에너지,True,
newgrowth::13::가::2),newgrowth,탄소중립,연소 전 이산화탄소 포집기술,흡수제,에너지,True,
newgrowth::13::가::2),newgrowth,탄소중립,연소 전 이산화탄소 포집기술,흡착제,에너지,True,
newgrowth::13::가::3),newgrowth,탄소중립,순산소 연소기술 및 저가 산소 대량 제조기술,CLC(Chemical Looping Cycle),에너지,True,
newgrowth::13::가::3),newgrowth,탄소중립,순산소 연소기술 및 저가 산소 대량 제조기술,미분탄,에너지,True,
newgrowth::13::가::3),newgrowth,탄소중립,순산소 연소기술 및 저가 산소 대량 제조기술,세라믹-메탈 복합분리막(Ceramic-metal composite membrane),소재,True,
newgrowth::13::가::3),newgrowth,탄소중립,순산소 연소기술 및 저가 산소 대량 제조기술,순산소연소,에너지,True,
newgrowth::13::가::3),newgrowth,탄소중립,순산소 연소기술 및 저가 산소 대량 제조기술,심냉법,에너지,True,
newgrowth::13::가::3),newgrowth,탄소중립,순산소 연소기술 및 저가 산소 대량 제조기술,"이온전도성분리막(ITM, Ion Transfer Membrane)",에너지,True,
newgrowth::13::나::10),newgrowth,탄소중립,암모니아 발전 기술,가스터빈,에너지,True,
newgrowth::13::나::10),newgrowth,탄소중립,암모니아 발전 기술,미분탄 보일러,에너지,True,
newgrowth::13::나::10),newgrowth,탄소중립,암모니아 발전 기술,연료전지,에너지,True,
newgrowth::13::나::10),newgrowth,탄소중립,암모니아 발전 기술,유동층 보일러,에너지,True,
newgrowth::13::나::11),newgrowth,탄소중립,산업용 수소 보일러 및 연소기 설계ㆍ제작 기술,전소,에너지,True,
newgrowth::13::나::11),newgrowth,탄소중립,산업용 수소 보일러 및 연소기 설계ㆍ제작 기술,혼소,에너지,True,
newgrowth::13::나::12),newgrowth,탄소중립,선박용 암모니아 연료기반 수소생산 시스템 및 연료전지 적용 기술,연료전지,에너지,True,
newgrowth::13::나::2),newgrowth,탄소중립,부생수소 생산기술,가성소다,에너지,True,
newgrowth::13::나::4),newgrowth,탄소중립,액화수소 제조를 위한 수소액화플랜트 핵심부품 설계 및 제조기술,LNG냉열,에너지,True,
newgrowth::13::나::4),newgrowth,탄소중립,액화수소 제조를 위한 수소액화플랜트 핵심부품 설계 및 제조기술,예냉사이클,에너지,True,
newgrowth::13::나::9),newgrowth,탄소중립,액화수소 운반선의 액화수소 저장ㆍ적하역 및 증발가스 처리기술,화물창,조선,True,
newgrowth::13::나::9),newgrowth,탄소중립,액화수소 운반선의 액화수소 저장ㆍ적하역 및 증발가스 처리기술,적하역,조선,True,
newgrowth::13::나::9),newgrowth,탄소중립,액화수소 운반선의 액화수소 저장ㆍ적하역 및 증발가스 처리기술,카고핸들링,조선,True,
newgrowth::13::다::1),newgrowth,탄소중립,고체산화물 연료전지 지지형셀ㆍ스택ㆍ시스템  설계 및 제조 기술,"고체산화물 연료전지(SOFC, Solid Oxide Fuel Cell)",에너지,True,
newgrowth::13::다::1),newgrowth,탄소중립,고체산화물 연료전지 지지형셀ㆍ스택ㆍ시스템  설계 및 제조 기술,셀,에너지,True,
newgrowth::13::다::1),newgrowth,탄소중립,고체산화물 연료전지 지지형셀ㆍ스택ㆍ시스템  설계 및 제조 기술,분리판,에너지,True,
newgrowth::13::다::1),newgrowth,탄소중립,고체산화물 연료전지 지지형셀ㆍ스택ㆍ시스템  설계 및 제조 기술,스택,에너지,True,
newgrowth::13::다::1),newgrowth,탄소중립,고체산화물 연료전지 지지형셀ㆍ스택ㆍ시스템  설계 및 제조 기술,지지형셀,에너지,True,
newgrowth::13::다::12),newgrowth,탄소중립,미활용 폐열 회수ㆍ활용을 통한 발전 기술,열전소자,에너지,True,
newgrowth::13::다::12),newgrowth,탄소중립,미활용 폐열 회수ㆍ활용을 통한 발전 기술,유기냉매,에너지,True,
newgrowth::13::다::12),newgrowth,탄소중립,미활용 폐열 회수ㆍ활용을 통한 발전 기술,초임계 이산화탄소,에너지,True,
newgrowth::13::다::13),newgrowth,탄소중립,해상풍력 발전단지 내ㆍ외부 전력망에 사용되는 해저케이블 시스템 기술,semi-wet 방식,에너지,True,
newgrowth::13::다::13),newgrowth,탄소중립,해상풍력 발전단지 내ㆍ외부 전력망에 사용되는 해저케이블 시스템 기술,장조장,에너지,True,
newgrowth::13::다::14),newgrowth,탄소중립,고효율 n형 대면적 태양전지와 이를 집적한 모듈화 기술,n형 대면적,에너지,True,
newgrowth::13::다::14),newgrowth,탄소중립,고효율 n형 대면적 태양전지와 이를 집적한 모듈화 기술,결정질 실리콘,소재,True,
newgrowth::13::다::14),newgrowth,탄소중립,고효율 n형 대면적 태양전지와 이를 집적한 모듈화 기술,출력밀도,에너지,True,
newgrowth::13::다::3),newgrowth,탄소중립,"고체산화물 연료전지(SOFC, Solid Oxide Fuel Cell) 소재 기술",연료전지,에너지,True,
newgrowth::13::다::3),newgrowth,탄소중립,"고체산화물 연료전지(SOFC, Solid Oxide Fuel Cell) 소재 기술",전도 세라믹(Conducting Ceramic),소재,True,
newgrowth::13::다::4),newgrowth,탄소중립,"페로브스카이트(Perovskite), 페로브스카이트ㆍ결정질 실리콘 등 탠덤 태양전지 핵심소재 제조 및 대면적화 기술",광활성층,에너지,True,
newgrowth::13::다::4),newgrowth,탄소중립,"페로브스카이트(Perovskite), 페로브스카이트ㆍ결정질 실리콘 등 탠덤 태양전지 핵심소재 제조 및 대면적화 기술",금속리본,에너지,True,
newgrowth::13::다::4),newgrowth,탄소중립,"페로브스카이트(Perovskite), 페로브스카이트ㆍ결정질 실리콘 등 탠덤 태양전지 핵심소재 제조 및 대면적화 기술",금속전극,에너지,True,
newgrowth::13::다::4),newgrowth,탄소중립,"페로브스카이트(Perovskite), 페로브스카이트ㆍ결정질 실리콘 등 탠덤 태양전지 핵심소재 제조 및 대면적화 기술",모듈,에너지,True,
newgrowth::13::다::4),newgrowth,탄소중립,"페로브스카이트(Perovskite), 페로브스카이트ㆍ결정질 실리콘 등 탠덤 태양전지 핵심소재 제조 및 대면적화 기술",셀,에너지,True,
newgrowth::13::다::4),newgrowth,탄소중립,"페로브스카이트(Perovskite), 페로브스카이트ㆍ결정질 실리콘 등 탠덤 태양전지 핵심소재 제조 및 대면적화 기술",봉지,에너지,True,
newgrowth::13::다::4),newgrowth,탄소중립,"페로브스카이트(Perovskite), 페로브스카이트ㆍ결정질 실리콘 등 탠덤 태양전지 핵심소재 제조 및 대면적화 기술",웨이퍼,반도체,True,
newgrowth::13::다::4),newgrowth,탄소중립,"페로브스카이트(Perovskite), 페로브스카이트ㆍ결정질 실리콘 등 탠덤 태양전지 핵심소재 제조 및 대면적화 기술",전자ㆍ정공수송층,에너지,True,
newgrowth::13::다::4),newgrowth,탄소중립,"페로브스카이트(Perovskite), 페로브스카이트ㆍ결정질 실리콘 등 탠덤 태양전지 핵심소재 제조 및 대면적화 기술",투명전극,에너지,True,
newgrowth::13::다::5),newgrowth,탄소중립,풍력에너지 생산 기술로서 회전동력을 증속시켜 발전기에 전달하는 부품 설계 및 제조기술,베어링(bearing),부품,True,
newgrowth::13::다::5),newgrowth,탄소중립,풍력에너지 생산 기술로서 회전동력을 증속시켜 발전기에 전달하는 부품 설계 및 제조기술,블레이드(blade),에너지,True,
newgrowth::13::다::5),newgrowth,탄소중립,풍력에너지 생산 기술로서 회전동력을 증속시켜 발전기에 전달하는 부품 설계 및 제조기술,유성기어(planet carrier),부품,True,
newgrowth::13::다::5),newgrowth,탄소중립,풍력에너지 생산 기술로서 회전동력을 증속시켜 발전기에 전달하는 부품 설계 및 제조기술,이음쇠(coupling),부품,True,
newgrowth::13::다::5),newgrowth,탄소중립,풍력에너지 생산 기술로서 회전동력을 증속시켜 발전기에 전달하는 부품 설계 및 제조기술,축(shaft),부품,True,
newgrowth::13::다::6),newgrowth,탄소중립,풍력에너지 생산 기술로서 발전기(Generator) 및 변환기(Inverter) 제조기술,고정자(stator),에너지,True,
newgrowth::13::다::6),newgrowth,탄소중립,풍력에너지 생산 기술로서 발전기(Generator) 및 변환기(Inverter) 제조기술,동기발전기,에너지,True,
newgrowth::13::다::6),newgrowth,탄소중립,풍력에너지 생산 기술로서 발전기(Generator) 및 변환기(Inverter) 제조기술,변환기,에너지,True,
newgrowth::13::다::6),newgrowth,탄소중립,풍력에너지 생산 기술로서 발전기(Generator) 및 변환기(Inverter) 제조기술,유도발전기,에너지,True,
newgrowth::13::다::6),newgrowth,탄소중립,풍력에너지 생산 기술로서 발전기(Generator) 및 변환기(Inverter) 제조기술,이중여자,에너지,True,
newgrowth::13::다::6),newgrowth,탄소중립,풍력에너지 생산 기술로서 발전기(Generator) 및 변환기(Inverter) 제조기술,회전자(rotor),에너지,True,
newgrowth::13::다::7),newgrowth,탄소중립,풍력발전 블레이드 기술,블레이드(Blade),에너지,True,
newgrowth::13::다::8),newgrowth,탄소중립,지열 에너지 회수 및 저장 기술,그라우팅(grouting),에너지,True,
newgrowth::13::다::8),newgrowth,탄소중립,지열 에너지 회수 및 저장 기술,보어홀(borehole),에너지,True,
newgrowth::13::다::8),newgrowth,탄소중립,지열 에너지 회수 및 저장 기술,전열저항,에너지,True,
newgrowth::13::다::8),newgrowth,탄소중립,지열 에너지 회수 및 저장 기술,지중 축열,에너지,True,
newgrowth::13::다::9),newgrowth,탄소중립,지열발전기술,심부,에너지,True,
newgrowth::13::다::9),newgrowth,탄소중립,지열발전기술,심부시추공,에너지,True,
newgrowth::13::다::9),newgrowth,탄소중립,지열발전기술,인공 지열저류층 생성기술(enhanced geothermal system),에너지,True,
newgrowth::13::다::9),newgrowth,탄소중립,지열발전기술,지열수,에너지,True,
newgrowth::13::다::9),newgrowth,탄소중립,지열발전기술,지열유체,에너지,True,
newgrowth::13::라::10),newgrowth,탄소중립,반도체ㆍ디스플레이 식각ㆍ증착공정의 대체소재 제조 및 적용기술,GWP(Global Warming Potential),탄소중립,True,
newgrowth::13::라::10),newgrowth,탄소중립,반도체ㆍ디스플레이 식각ㆍ증착공정의 대체소재 제조 및 적용기술,식각,반도체,True,
newgrowth::13::라::10),newgrowth,탄소중립,반도체ㆍ디스플레이 식각ㆍ증착공정의 대체소재 제조 및 적용기술,증착,반도체,True,
newgrowth::13::라::11),newgrowth,탄소중립,반도체 및 디스플레이 제조공정에서 배출되는 불소화합물 및 아산화질소 배출 저감기술,불소화합물,탄소중립,True,
newgrowth::13::라::11),newgrowth,탄소중립,반도체 및 디스플레이 제조공정에서 배출되는 불소화합물 및 아산화질소 배출 저감기술,아산화질소,탄소중립,True,
newgrowth::13::라::12),newgrowth,탄소중립,해상(FSRU) 및 육상 LNG터미널에서의 LNG 냉열발전 결합형 재기화 기술,MMSCFD(Million Metric Standard Cubic Feet per Day),탄소중립,True,
newgrowth::13::라::13),newgrowth,탄소중립,철강 가열공정 탄소연료 대체기술,단조,소재,True,
newgrowth::13::라::13),newgrowth,탄소중립,철강 가열공정 탄소연료 대체기술,압연,소재,True,
newgrowth::13::라::14),newgrowth,탄소중립,전기로 저탄소원료(직접환원철ㆍ수소환원철) 활용기술,수소환원철,소재,True,
newgrowth::13::라::14),newgrowth,탄소중립,전기로 저탄소원료(직접환원철ㆍ수소환원철) 활용기술,용해공정,소재,True,
newgrowth::13::라::14),newgrowth,탄소중립,전기로 저탄소원료(직접환원철ㆍ수소환원철) 활용기술,전기로,소재,True,
newgrowth::13::라::14),newgrowth,탄소중립,전기로 저탄소원료(직접환원철ㆍ수소환원철) 활용기술,직접환원철,소재,True,
newgrowth::13::라::15),newgrowth,탄소중립,고로 용선 및 전기로 용강 합탕기술,고로,소재,True,
newgrowth::13::라::15),newgrowth,탄소중립,고로 용선 및 전기로 용강 합탕기술,용탕,소재,True,
newgrowth::13::라::16),newgrowth,탄소중립,디지털 영상분석 기반 철스크랩 판정ㆍ선별기술,전기로,소재,True,
newgrowth::13::라::16),newgrowth,탄소중립,디지털 영상분석 기반 철스크랩 판정ㆍ선별기술,철스크랩,소재,True,
newgrowth::13::라::2),newgrowth,탄소중립,함수소가스 활용 고로취입기술,고로,소재,True,
newgrowth::13::라::2),newgrowth,탄소중립,함수소가스 활용 고로취입기술,함수소가스,소재,True,
newgrowth::13::라::3),newgrowth,탄소중립,복합취련전로 활용 스크랩 다량 사용기술,복합취련전로,소재,True,
newgrowth::13::라::3),newgrowth,탄소중립,복합취련전로 활용 스크랩 다량 사용기술,상저취전로,소재,True,
newgrowth::13::라::3),newgrowth,탄소중립,복합취련전로 활용 스크랩 다량 사용기술,스크랩,소재,True,
newgrowth::13::라::3),newgrowth,탄소중립,복합취련전로 활용 스크랩 다량 사용기술,전로 공정,소재,True,
newgrowth::13::라::4),newgrowth,탄소중립,이산화탄소 반응경화 시멘트 생산기술,Rankinite,소재,True,
newgrowth::13::라::4),newgrowth,탄소중립,이산화탄소 반응경화 시멘트 생산기술,Wollastonite,소재,True,
newgrowth::13::라::5),newgrowth,탄소중립,산화칼슘 함유 비탄산염 산업부산물의 시멘트 원료화 기술,비탄산염,소재,True,
newgrowth::13::라::5),newgrowth,탄소중립,산화칼슘 함유 비탄산염 산업부산물의 시멘트 원료화 기술,클링커,소재,True,
newgrowth::13::라::6),newgrowth,탄소중립,이산화탄소 저감 시멘트 생산을 위한 연ㆍ원료 대체기술,비탄산염,소재,True,
newgrowth::13::라::6),newgrowth,탄소중립,이산화탄소 저감 시멘트 생산을 위한 연ㆍ원료 대체기술,소성,소재,True,
newgrowth::13::라::6),newgrowth,탄소중립,이산화탄소 저감 시멘트 생산을 위한 연ㆍ원료 대체기술,탄산염광물,소재,True,
newgrowth::13::라::7),newgrowth,탄소중립,시멘트 소성공정 유연탄 대체 기술,소성공정,소재,True,
newgrowth::13::라::7),newgrowth,탄소중립,시멘트 소성공정 유연탄 대체 기술,유연탄,에너지,True,
newgrowth::13::라::8),newgrowth,탄소중립,석유계 고분자 대체 바이오 케미칼 원료 생산기술,글리세롤,바이오,True,
newgrowth::13::라::8),newgrowth,탄소중립,석유계 고분자 대체 바이오 케미칼 원료 생산기술,바이오 고분자,바이오,True,
newgrowth::13::라::8),newgrowth,탄소중립,석유계 고분자 대체 바이오 케미칼 원료 생산기술,지질,바이오,True,
newgrowth::13::라::9),newgrowth,탄소중립,전기가열 나프타 분해기술,나프타,소재,True,
newgrowth::13::라::9),newgrowth,탄소중립,전기가열 나프타 분해기술,에틸렌,소재,True,
newgrowth::13::라::9),newgrowth,탄소중립,전기가열 나프타 분해기술,유도 가열,에너지,True,
newgrowth::13::라::9),newgrowth,탄소중립,전기가열 나프타 분해기술,전기저항,에너지,True,
newgrowth::13::라::9),newgrowth,탄소중립,전기가열 나프타 분해기술,프로필렌,소재,True,
newgrowth::13::마::12),newgrowth,탄소중립,"연료전지, 배터리 및 축발전기 모터를 적용한 선박 발전시스템",연료전지,에너지,True,
newgrowth::13::마::12),newgrowth,탄소중립,"연료전지, 배터리 및 축발전기 모터를 적용한 선박 발전시스템",축발전기,에너지,True,
newgrowth::13::마::14),newgrowth,탄소중립,그린수소 생산 해양 플랫폼 설계기술,부유식 플랫폼,에너지,True,
newgrowth::13::마::15),newgrowth,탄소중립,친환경 냉매 개발 기술,냉동기유,에너지,True,
newgrowth::13::마::15),newgrowth,탄소중립,친환경 냉매 개발 기술,회수ㆍ재생(RRR),에너지,True,
newgrowth::13::마::2),newgrowth,탄소중립,지능형 배전계통 고도화 및 운용기술,개폐기,에너지,True,
newgrowth::13::마::2),newgrowth,탄소중립,지능형 배전계통 고도화 및 운용기술,배전계통,에너지,True,
newgrowth::13::마::2),newgrowth,탄소중립,지능형 배전계통 고도화 및 운용기술,"지능형전력장치(IED, Intelligent Electric Device)",에너지,True,
newgrowth::13::마::2),newgrowth,탄소중립,지능형 배전계통 고도화 및 운용기술,직류배전,에너지,True,
newgrowth::13::마::6),newgrowth,탄소중립,극저온 액체 저장 및 이송용 펌프 설계ㆍ제조기술,베어링(Bearing),부품,True,
newgrowth::13::마::6),newgrowth,탄소중립,극저온 액체 저장 및 이송용 펌프 설계ㆍ제조기술,터미널 헤더(Terminal Heather),에너지,True,
newgrowth::13::마::7),newgrowth,탄소중립,히트펌프 적용 온도 범위 확대 및 효율 향상 기술,히트펌프,에너지,True,
newgrowth::13::마::8),newgrowth,탄소중립,선박용 디젤엔진 제조 기술,실린더헤드(Cylinder Head),부품,True,
newgrowth::13::마::8),newgrowth,탄소중립,선박용 디젤엔진 제조 기술,크랭크 샤프트(Crankshaft),부품,True,
newgrowth::13::마::8),newgrowth,탄소중립,선박용 디젤엔진 제조 기술,피스톤(Piston),부품,True,
newgrowth::13::마::8),newgrowth,탄소중립,선박용 디젤엔진 제조 기술,피스톤링(Piston Ring),부품,True,
newgrowth::11::가::1),newgrowth,항공·우주,무인기 지능형 자율비행 제어 시스템 기술,유도제어,항공,True,
newgrowth::11::가::3),newgrowth,항공·우주,무인기 탑재 첨단센서 기술,INS(Inertial Navigation System),항공,True,
newgrowth::11::가::3),newgrowth,항공·우주,무인기 탑재 첨단센서 기술,LIDAR(Light detection and ranging),항공,True,
newgrowth::11::가::3),newgrowth,항공·우주,무인기 탑재 첨단센서 기술,GNSS(Global Navigation Satellite System),항공,True,
newgrowth::11::가::3),newgrowth,항공·우주,무인기 탑재 첨단센서 기술,멀티스펙트럼(multi-spectrum) 카메라,항공,True,
newgrowth::11::가::4),newgrowth,항공·우주,무인기 전기구동 핵심부품 기술,인버터(inverter),에너지,True,
newgrowth::11::가::6),newgrowth,항공·우주,무인기 지상통제 핵심기술,텔레메트리(telemetry),항공,True,
newgrowth::11::나::1),newgrowth,항공·우주,위성본체 부분품 개발기술,추력기,우주,True,
newgrowth::11::나::1),newgrowth,항공·우주,위성본체 부분품 개발기술,추진제,우주,True,
newgrowth::11::가::7),newgrowth,항공ㆍ우주,물류 배송용 드론 제조기술,도킹스테이션,드론,True,
newgrowth::11::가::7),newgrowth,항공ㆍ우주,물류 배송용 드론 제조기술,비가시권 비행,드론,True,
newgrowth::11::나::3),newgrowth,항공ㆍ우주,우주발사체 부분품 개발기술,관성항법,우주,True,
newgrowth::11::나::3),newgrowth,항공ㆍ우주,우주발사체 부분품 개발기술,비행종단시스템,우주,True,
newgrowth::11::나::3),newgrowth,항공ㆍ우주,우주발사체 부분품 개발기술,자세제어,우주,True,
newgrowth::11::나::4),newgrowth,항공ㆍ우주,위성통신 송수신 안테나 개발 기술,자이로센서(Gyro sensor),우주,True,
strategic::4::::가.,strategic,디스플레이,AMOLED 패널 설계ㆍ제조ㆍ공정ㆍ모듈ㆍ구동 기술,AMOLED,디스플레이,True,
strategic::4::::가.,strategic,디스플레이,AMOLED 패널 설계ㆍ제조ㆍ공정ㆍ모듈ㆍ구동 기술,FHD,디스플레이,True,
strategic::4::::가.,strategic,디스플레이,AMOLED 패널 설계ㆍ제조ㆍ공정ㆍ모듈ㆍ구동 기술,고휘도,디스플레이,True,
strategic::4::::가.,strategic,디스플레이,AMOLED 패널 설계ㆍ제조ㆍ공정ㆍ모듈ㆍ구동 기술,구동소자,디스플레이,True,
strategic::4::::가.,strategic,디스플레이,AMOLED 패널 설계ㆍ제조ㆍ공정ㆍ모듈ㆍ구동 기술,발광특성,디스플레이,True,
strategic::4::::가.,strategic,디스플레이,AMOLED 패널 설계ㆍ제조ㆍ공정ㆍ모듈ㆍ구동 기술,백플레인,디스플레이,True,
strategic::4::::가.,strategic,디스플레이,AMOLED 패널 설계ㆍ제조ㆍ공정ㆍ모듈ㆍ구동 기술,산화물(Oxide) TFT,디스플레이,True,
strategic::4::::가.,strategic,디스플레이,AMOLED 패널 설계ㆍ제조ㆍ공정ㆍ모듈ㆍ구동 기술,웨이퍼,디스플레이,True,
strategic::4::::가.,strategic,디스플레이,AMOLED 패널 설계ㆍ제조ㆍ공정ㆍ모듈ㆍ구동 기술,저온폴리실리콘(LTPS),디스플레이,True,
strategic::4::::가.,strategic,디스플레이,AMOLED 패널 설계ㆍ제조ㆍ공정ㆍ모듈ㆍ구동 기술,저온폴리실리콘산화물(LTPO),디스플레이,True,
strategic::4::::가.,strategic,디스플레이,AMOLED 패널 설계ㆍ제조ㆍ공정ㆍ모듈ㆍ구동 기술,진공 증발 증착,디스플레이,True,
strategic::4::::가.,strategic,디스플레이,AMOLED 패널 설계ㆍ제조ㆍ공정ㆍ모듈ㆍ구동 기술,커버윈도우,디스플레이,True,
strategic::4::::가.,strategic,디스플레이,AMOLED 패널 설계ㆍ제조ㆍ공정ㆍ모듈ㆍ구동 기술,프린팅,디스플레이,True,
strategic::4::::나.,strategic,디스플레이,친환경 QD(Quantum Dot) 소재 적용 디스플레이 패널 설계ㆍ제조ㆍ공정ㆍ모듈ㆍ구동 기술,QD,디스플레이,True,
strategic::4::::나.,strategic,디스플레이,친환경 QD(Quantum Dot) 소재 적용 디스플레이 패널 설계ㆍ제조ㆍ공정ㆍ모듈ㆍ구동 기술,RoHS(유럽 6대 제한물질 환경규제),환경,True,
strategic::4::::나.,strategic,디스플레이,친환경 QD(Quantum Dot) 소재 적용 디스플레이 패널 설계ㆍ제조ㆍ공정ㆍ모듈ㆍ구동 기술,구동소자,디스플레이,True,
strategic::4::::나.,strategic,디스플레이,친환경 QD(Quantum Dot) 소재 적용 디스플레이 패널 설계ㆍ제조ㆍ공정ㆍ모듈ㆍ구동 기술,노광,디스플레이,True,
strategic::4::::나.,strategic,디스플레이,친환경 QD(Quantum Dot) 소재 적용 디스플레이 패널 설계ㆍ제조ㆍ공정ㆍ모듈ㆍ구동 기술,"반치폭(FWHM, full width at half maximum)",디스플레이,True,
strategic::4::::나.,strategic,디스플레이,친환경 QD(Quantum Dot) 소재 적용 디스플레이 패널 설계ㆍ제조ㆍ공정ㆍ모듈ㆍ구동 기술,커버윈도우,디스플레이,True,
strategic::4::::나.,strategic,디스플레이,친환경 QD(Quantum Dot) 소재 적용 디스플레이 패널 설계ㆍ제조ㆍ공정ㆍ모듈ㆍ구동 기술,패터닝,디스플레이,True,
strategic::4::::다.,strategic,디스플레이,Micro LED 디스플레이 패널 설계ㆍ제조ㆍ공정ㆍ모듈ㆍ구동 기술,Micro LED,디스플레이,True,
strategic::4::::다.,strategic,디스플레이,Micro LED 디스플레이 패널 설계ㆍ제조ㆍ공정ㆍ모듈ㆍ구동 기술,구동소자,디스플레이,True,
strategic::4::::다.,strategic,디스플레이,Micro LED 디스플레이 패널 설계ㆍ제조ㆍ공정ㆍ모듈ㆍ구동 기술,마이크로 LED,디스플레이,True,
strategic::4::::다.,strategic,디스플레이,Micro LED 디스플레이 패널 설계ㆍ제조ㆍ공정ㆍ모듈ㆍ구동 기술,사파이어(Sapphire) 기판,소재,True,
strategic::4::::다.,strategic,디스플레이,Micro LED 디스플레이 패널 설계ㆍ제조ㆍ공정ㆍ모듈ㆍ구동 기술,에피(Epi)공정,디스플레이,True,
strategic::4::::다.,strategic,디스플레이,Micro LED 디스플레이 패널 설계ㆍ제조ㆍ공정ㆍ모듈ㆍ구동 기술,커버윈도우,디스플레이,True,
strategic::4::::라.,strategic,디스플레이,디스플레이 패널 제조용 증착ㆍ코팅 소재 기술,산화물 TFT(Thin Film Transistor),디스플레이,True,
strategic::4::::라.,strategic,디스플레이,디스플레이 패널 제조용 증착ㆍ코팅 소재 기술,양자점(QD),디스플레이,True,
strategic::4::::라.,strategic,디스플레이,디스플레이 패널 제조용 증착ㆍ코팅 소재 기술,발광ㆍ공통층,디스플레이,True,
strategic::4::::라.,strategic,디스플레이,디스플레이 패널 제조용 증착ㆍ코팅 소재 기술,전자이동도,디스플레이,True,
strategic::4::::라.,strategic,디스플레이,디스플레이 패널 제조용 증착ㆍ코팅 소재 기술,증착,디스플레이,True,
strategic::4::::라.,strategic,디스플레이,디스플레이 패널 제조용 증착ㆍ코팅 소재 기술,코팅,디스플레이,True,
strategic::4::::라.,strategic,디스플레이,디스플레이 패널 제조용 증착ㆍ코팅 소재 기술,폴리이미드(PI),디스플레이,True,
strategic::4::::라.,strategic,디스플레이,디스플레이 패널 제조용 증착ㆍ코팅 소재 기술,화소격벽,디스플레이,True,
strategic::4::::마.,strategic,디스플레이,디스플레이 TFT 형성 장비 및 부품 기술,TFT(Thin Film Transistor),디스플레이,True,
strategic::4::::마.,strategic,디스플레이,디스플레이 TFT 형성 장비 및 부품 기술,노광,디스플레이,True,
strategic::4::::마.,strategic,디스플레이,디스플레이 TFT 형성 장비 및 부품 기술,식각,디스플레이,True,
strategic::4::::마.,strategic,디스플레이,디스플레이 TFT 형성 장비 및 부품 기술,이온주입기,디스플레이,True,
strategic::4::::마.,strategic,디스플레이,디스플레이 TFT 형성 장비 및 부품 기술,전자이동도,디스플레이,True,
strategic::4::::마.,strategic,디스플레이,디스플레이 TFT 형성 장비 및 부품 기술,TFT 형성,디스플레이,True,
strategic::4::::마.,strategic,디스플레이,디스플레이 TFT 형성 장비 및 부품 기술,증착,디스플레이,True,
strategic::4::::바.,strategic,디스플레이,OLED 화소 형성ㆍ봉지 공정 장비 및 부품 기술,FMM(Fine Metal Mask),디스플레이,True,
strategic::4::::바.,strategic,디스플레이,OLED 화소 형성ㆍ봉지 공정 장비 및 부품 기술,OLED,디스플레이,True,
strategic::4::::바.,strategic,디스플레이,OLED 화소 형성ㆍ봉지 공정 장비 및 부품 기술,봉지장비(Encapsulation),디스플레이,True,
strategic::4::::바.,strategic,디스플레이,OLED 화소 형성ㆍ봉지 공정 장비 및 부품 기술,유기증착기(Evaporation),디스플레이,True,
strategic::4::::바.,strategic,디스플레이,OLED 화소 형성ㆍ봉지 공정 장비 및 부품 기술,잉크젯장비(Inkjet),디스플레이,True,
strategic::4::::바.,strategic,디스플레이,OLED 화소 형성ㆍ봉지 공정 장비 및 부품 기술,화소,디스플레이,True,
strategic::4::::사.,strategic,디스플레이,디스플레이 하이브리드 커버 윈도우 소재 기술,UTG,디스플레이,True,
strategic::4::::사.,strategic,디스플레이,디스플레이 하이브리드 커버 윈도우 소재 기술,광학증착,디스플레이,True,
strategic::4::::사.,strategic,디스플레이,디스플레이 하이브리드 커버 윈도우 소재 기술,초박형 유ㆍ무기 하이브리드 필름,디스플레이,True,
strategic::4::::사.,strategic,디스플레이,디스플레이 하이브리드 커버 윈도우 소재 기술,"초박형유리(Ultra Thin Glass, UTG)",디스플레이,True,
strategic::4::::사.,strategic,디스플레이,디스플레이 하이브리드 커버 윈도우 소재 기술,커버 윈도우,디스플레이,True,
strategic::4::::사.,strategic,디스플레이,디스플레이 하이브리드 커버 윈도우 소재 기술,코팅,디스플레이,True,
strategic::4::::아.,strategic,디스플레이,"마이크로LED 에피(Epi)ㆍ전사ㆍ접합 소재, 부품, 장비 기술",Micro LED,디스플레이,True,
strategic::4::::아.,strategic,디스플레이,"마이크로LED 에피(Epi)ㆍ전사ㆍ접합 소재, 부품, 장비 기술",금속유기(Metal-Organic),소재,True,
strategic::4::::아.,strategic,디스플레이,"마이크로LED 에피(Epi)ㆍ전사ㆍ접합 소재, 부품, 장비 기술",기판(substrate),소재,True,
strategic::4::::아.,strategic,디스플레이,"마이크로LED 에피(Epi)ㆍ전사ㆍ접합 소재, 부품, 장비 기술",백플레인,디스플레이,True,
strategic::4::::아.,strategic,디스플레이,"마이크로LED 에피(Epi)ㆍ전사ㆍ접합 소재, 부품, 장비 기술",에피,디스플레이,True,
strategic::4::::아.,strategic,디스플레이,"마이크로LED 에피(Epi)ㆍ전사ㆍ접합 소재, 부품, 장비 기술","외부양자효율(External Quantum Efficiency, EQE)",디스플레이,True,
strategic::4::::아.,strategic,디스플레이,"마이크로LED 에피(Epi)ㆍ전사ㆍ접합 소재, 부품, 장비 기술",전극,디스플레이,True,
strategic::4::::아.,strategic,디스플레이,"마이크로LED 에피(Epi)ㆍ전사ㆍ접합 소재, 부품, 장비 기술",화소,디스플레이,True,
strategic::6::::가.,strategic,미래형 운송 및 이동수단,주행상황 인지 센서 기술,라이다 센서(LIDAR sensor),미래차,True,
strategic::6::::가.,strategic,미래형 운송 및 이동수단,주행상황 인지 센서 기술,레이더 센서(radar sensor),미래차,True,
strategic::6::::가.,strategic,미래형 운송 및 이동수단,주행상황 인지 센서 기술,비전 센서(vision sensor),미래차,True,
strategic::6::::사.,strategic,미래형 운송 및 이동수단,인공지능형 자율운항 기술,ROC(Remote Operation Center),조선,True,
strategic::6::::아.,strategic,미래형 운송 및 이동수단,환경친화적 첨단 선박의 운송ㆍ추진 기술,카고핸들링,조선,True,
strategic::6::::아.,strategic,미래형 운송 및 이동수단,환경친화적 첨단 선박의 운송ㆍ추진 기술,화물창,조선,True,
strategic::7::::가.,strategic,바이오의약품,바이오 신약[바이오 베터(Bio Better)를 포함한다. 이하 이 호에서 같다] 후보물질 발굴 및 바이오 신약 제조 기술,단백질의약품,바이오,True,
strategic::7::::가.,strategic,바이오의약품,바이오 신약[바이오 베터(Bio Better)를 포함한다. 이하 이 호에서 같다] 후보물질 발굴 및 바이오 신약 제조 기술,펩타이드,바이오,True,
strategic::7::::가.,strategic,바이오의약품,바이오 신약[바이오 베터(Bio Better)를 포함한다. 이하 이 호에서 같다] 후보물질 발굴 및 바이오 신약 제조 기술,핵산,바이오,True,
strategic::7::::가.,strategic,바이오의약품,바이오 신약[바이오 베터(Bio Better)를 포함한다. 이하 이 호에서 같다] 후보물질 발굴 및 바이오 신약 제조 기술,핵산유도체,바이오,True,
strategic::7::::나.,strategic,바이오의약품,바이오시밀러 제조 및 개량 기술,바이오시밀러,바이오,True,
strategic::7::::나.,strategic,바이오의약품,바이오시밀러 제조 및 개량 기술,서열변경,바이오,True,
strategic::7::::나.,strategic,바이오의약품,바이오시밀러 제조 및 개량 기술,제제변형,바이오,True,
strategic::7::::나.,strategic,바이오의약품,바이오시밀러 제조 및 개량 기술,중합체 부과,바이오,True,
strategic::7::::라.,strategic,바이오의약품,임상약리시험 평가기술(임상1상 시험),내약성,바이오,True,
strategic::7::::라.,strategic,바이오의약품,임상약리시험 평가기술(임상1상 시험),바이오시밀러,바이오,True,
strategic::7::::라.,strategic,바이오의약품,임상약리시험 평가기술(임상1상 시험),약동학,바이오,True,
strategic::7::::라.,strategic,바이오의약품,임상약리시험 평가기술(임상1상 시험),약력학,바이오,True,
strategic::7::::라.,strategic,바이오의약품,임상약리시험 평가기술(임상1상 시험),약물대사,바이오,True,
strategic::7::::마.,strategic,바이오의약품,치료적 탐색 임상평가기술(임상2상 시험),바이오시밀러,바이오,True,
strategic::7::::바.,strategic,바이오의약품,치료적 확증 임상평가기술(임상3상 시험),바이오시밀러,바이오,True,
strategic::7::::사.,strategic,바이오의약품,바이오의약품 원료ㆍ소재 제조기술,버퍼,바이오,True,
strategic::7::::사.,strategic,바이오의약품,바이오의약품 원료ㆍ소재 제조기술,필터,바이오,True,
strategic::7::::사.,strategic,바이오의약품,바이오의약품 원료ㆍ소재 제조기술,배지,바이오,True,
strategic::1::::가.,strategic,반도체,첨단 메모리 반도체 설계ㆍ제조 기술,D램,반도체,True,
strategic::1::::가.,strategic,반도체,첨단 메모리 반도체 설계ㆍ제조 기술,낸드플래시메모리,반도체,True,
strategic::1::::거.,strategic,반도체,원자층증착법 및 화학증착법을 위한 고유전체용 전구체 개발 기술,high-k dielectric,반도체,True,
strategic::1::::거.,strategic,반도체,원자층증착법 및 화학증착법을 위한 고유전체용 전구체 개발 기술,박막,반도체,True,
strategic::1::::거.,strategic,반도체,원자층증착법 및 화학증착법을 위한 고유전체용 전구체 개발 기술,"원자층증착법(ALD, Atomic Layer Deposition)",반도체,True,
strategic::1::::거.,strategic,반도체,원자층증착법 및 화학증착법을 위한 고유전체용 전구체 개발 기술,유전특성,반도체,True,
strategic::1::::거.,strategic,반도체,원자층증착법 및 화학증착법을 위한 고유전체용 전구체 개발 기술,이산화규소(SiO2),반도체,True,
strategic::1::::거.,strategic,반도체,원자층증착법 및 화학증착법을 위한 고유전체용 전구체 개발 기술,전구체,반도체,True,
strategic::1::::거.,strategic,반도체,원자층증착법 및 화학증착법을 위한 고유전체용 전구체 개발 기술,증착,반도체,True,
strategic::1::::거.,strategic,반도체,원자층증착법 및 화학증착법을 위한 고유전체용 전구체 개발 기술,"화학증착법(CVD, Chemical Vapor Deposition)",반도체,True,
strategic::1::::나.,strategic,반도체,"차세대 메모리반도체(STT-MRAM, PRAM, ReRAM, PIM, HBM, LLC, CXL, SOM) 설계ㆍ제조기술",CPU,반도체,True,
strategic::1::::나.,strategic,반도체,"차세대 메모리반도체(STT-MRAM, PRAM, ReRAM, PIM, HBM, LLC, CXL, SOM) 설계ㆍ제조기술",CXL(Compute eXpress Link),반도체,True,
strategic::1::::나.,strategic,반도체,"차세대 메모리반도체(STT-MRAM, PRAM, ReRAM, PIM, HBM, LLC, CXL, SOM) 설계ㆍ제조기술",D램(DRAM),반도체,True,
strategic::1::::나.,strategic,반도체,"차세대 메모리반도체(STT-MRAM, PRAM, ReRAM, PIM, HBM, LLC, CXL, SOM) 설계ㆍ제조기술",HBM(High Bandwidth Memory),반도체,True,
strategic::1::::나.,strategic,반도체,"차세대 메모리반도체(STT-MRAM, PRAM, ReRAM, PIM, HBM, LLC, CXL, SOM) 설계ㆍ제조기술",LLC(Last Level Cache),반도체,True,
strategic::1::::나.,strategic,반도체,"차세대 메모리반도체(STT-MRAM, PRAM, ReRAM, PIM, HBM, LLC, CXL, SOM) 설계ㆍ제조기술",PIM(Processing In Memory),반도체,True,
strategic::1::::나.,strategic,반도체,"차세대 메모리반도체(STT-MRAM, PRAM, ReRAM, PIM, HBM, LLC, CXL, SOM) 설계ㆍ제조기술",PRAM(Phase-change Random Access Memory),반도체,True,
strategic::1::::나.,strategic,반도체,"차세대 메모리반도체(STT-MRAM, PRAM, ReRAM, PIM, HBM, LLC, CXL, SOM) 설계ㆍ제조기술",ReRAM(Resistive Random Access Memory),반도체,True,
strategic::1::::나.,strategic,반도체,"차세대 메모리반도체(STT-MRAM, PRAM, ReRAM, PIM, HBM, LLC, CXL, SOM) 설계ㆍ제조기술",SOM(Selector Only Memory),반도체,True,
strategic::1::::나.,strategic,반도체,"차세대 메모리반도체(STT-MRAM, PRAM, ReRAM, PIM, HBM, LLC, CXL, SOM) 설계ㆍ제조기술",STT-MRAM(Spin Transfer Torque-Magnetic Random Access Memory),반도체,True,
strategic::1::::나.,strategic,반도체,"차세대 메모리반도체(STT-MRAM, PRAM, ReRAM, PIM, HBM, LLC, CXL, SOM) 설계ㆍ제조기술",낸드 플래시메모리(Nand Flash Memory),반도체,True,
strategic::1::::너.,strategic,반도체,고순도 불화수소 개발 및 제조기술,불화수소,반도체,True,
strategic::1::::다.,strategic,반도체,고속 컴퓨팅을 위한 SoC 설계 및 제조(7nm이하) 기술,AP(Application Processor),반도체,True,
strategic::1::::다.,strategic,반도체,고속 컴퓨팅을 위한 SoC 설계 및 제조(7nm이하) 기술,DVR (Digital Video Recoder),보안,True,
strategic::1::::다.,strategic,반도체,고속 컴퓨팅을 위한 SoC 설계 및 제조(7nm이하) 기술,SoC(System on Chip),반도체,True,
strategic::1::::다.,strategic,반도체,고속 컴퓨팅을 위한 SoC 설계 및 제조(7nm이하) 기술,뉴럴넷(Neural Network),AI,True,
strategic::1::::다.,strategic,반도체,고속 컴퓨팅을 위한 SoC 설계 및 제조(7nm이하) 기술,매니코어(Many Core),반도체,True,
strategic::1::::다.,strategic,반도체,고속 컴퓨팅을 위한 SoC 설계 및 제조(7nm이하) 기술,슈퍼프로세서,반도체,True,
strategic::1::::더.,strategic,반도체,블랭크 마스크 개발 및 제조기술,ArF(불화아르곤),반도체,True,
strategic::1::::더.,strategic,반도체,블랭크 마스크 개발 및 제조기술,EUV(극자외선),반도체,True,
strategic::1::::더.,strategic,반도체,블랭크 마스크 개발 및 제조기술,블랭크마스크,반도체,True,
strategic::1::::더.,strategic,반도체,블랭크 마스크 개발 및 제조기술,스터러링용 타겟,반도체,True,
strategic::1::::더.,strategic,반도체,블랭크 마스크 개발 및 제조기술,펠리클(Pellicle),반도체,True,
strategic::1::::더.,strategic,반도체,블랭크 마스크 개발 및 제조기술,합성 쿼츠,소재,True,
strategic::1::::라.,strategic,반도체,차세대 디지털기기 SoC 설계ㆍ제조기술,SoC(System on Chip),반도체,True,
strategic::1::::라.,strategic,반도체,차세대 디지털기기 SoC 설계ㆍ제조기술,Mixed signal 반도체,반도체,True,
strategic::1::::라.,strategic,반도체,차세대 디지털기기 SoC 설계ㆍ제조기술,RF switch,통신,True,
strategic::1::::라.,strategic,반도체,차세대 디지털기기 SoC 설계ㆍ제조기술,SoC,반도체,True,
strategic::1::::라.,strategic,반도체,차세대 디지털기기 SoC 설계ㆍ제조기술,UWB(Ultra-wideband),통신,True,
strategic::1::::라.,strategic,반도체,차세대 디지털기기 SoC 설계ㆍ제조기술,인버터,반도체,True,
strategic::1::::라.,strategic,반도체,차세대 디지털기기 SoC 설계ㆍ제조기술,컨버터,반도체,True,
strategic::1::::라.,strategic,반도체,차세대 디지털기기 SoC 설계ㆍ제조기술,컨트롤 IC(eNVM),반도체,True,
strategic::1::::러.,strategic,반도체,고기능성 인산 제조 기술,SiNx,반도체,True,
strategic::1::::러.,strategic,반도체,고기능성 인산 제조 기술,SiOx,반도체,True,
strategic::1::::러.,strategic,반도체,고기능성 인산 제조 기술,선택비,반도체,True,
strategic::1::::러.,strategic,반도체,고기능성 인산 제조 기술,막질,반도체,True,
strategic::1::::러.,strategic,반도체,고기능성 인산 제조 기술,식각,반도체,True,
strategic::1::::러.,strategic,반도체,고기능성 인산 제조 기술,인산계 식각액,반도체,True,
strategic::1::::마.,strategic,반도체,고성능 마이크로 센서의 설계‧제조‧패키징 기술,CMOS(Complementary Metal-Oxide Semiconductor) 이미지센서,반도체,True,
strategic::1::::마.,strategic,반도체,고성능 마이크로 센서의 설계‧제조‧패키징 기술,HDR(High Dynamic Range) CMOS 이미지센서,반도체,True,
strategic::1::::마.,strategic,반도체,고성능 마이크로 센서의 설계‧제조‧패키징 기술,MEMS[Micro Electro Mechanical System,반도체,True,
strategic::1::::마.,strategic,반도체,고성능 마이크로 센서의 설계‧제조‧패키징 기술,액츄에이터(actuator),반도체,True,
strategic::1::::마.,strategic,반도체,고성능 마이크로 센서의 설계‧제조‧패키징 기술,SoC(System on Chip),반도체,True,
strategic::1::::마.,strategic,반도체,고성능 마이크로 센서의 설계‧제조‧패키징 기술,패키징,반도체,True,
strategic::1::::머.,strategic,반도체,고순도 석영(쿼츠) 도가니 제조 기술,용융 실리콘,반도체,True,
strategic::1::::머.,strategic,반도체,고순도 석영(쿼츠) 도가니 제조 기술,웨이퍼,반도체,True,
strategic::1::::바.,strategic,반도체,차량용 반도체 설계·제조기술,AEC-Q100,미래차,True,
strategic::1::::바.,strategic,반도체,차량용 반도체 설계·제조기술,ECU(Electronic control unit),미래차,True,
strategic::1::::바.,strategic,반도체,차량용 반도체 설계·제조기술,ISO26262,미래차,True,
strategic::1::::바.,strategic,반도체,차량용 반도체 설계·제조기술,MCU(Micro controller unit),반도체,True,
strategic::1::::바.,strategic,반도체,차량용 반도체 설계·제조기술,SoC,반도체,True,
strategic::1::::바.,strategic,반도체,차량용 반도체 설계·제조기술,자율주행용 IC,미래차,True,
strategic::1::::바.,strategic,반도체,차량용 반도체 설계·제조기술,파워IC,반도체,True,
strategic::1::::버.,strategic,반도체,코트막형성재 개발 및 제조기술,감광성 코팅,반도체,True,
strategic::1::::버.,strategic,반도체,코트막형성재 개발 및 제조기술,패키징 재배선,반도체,True,
strategic::1::::사.,strategic,반도체,에너지효율향상 반도체 설계ㆍ제조ㆍ패키징 기술,IGBT,반도체,True,
strategic::1::::사.,strategic,반도체,에너지효율향상 반도체 설계ㆍ제조ㆍ패키징 기술,MOSFET,반도체,True,
strategic::1::::사.,strategic,반도체,에너지효율향상 반도체 설계ㆍ제조ㆍ패키징 기술,SJ(Super Junction) MOSFET,반도체,True,
strategic::1::::사.,strategic,반도체,에너지효율향상 반도체 설계ㆍ제조ㆍ패키징 기술,패키징,반도체,True,
strategic::1::::사.,strategic,반도체,에너지효율향상 반도체 설계ㆍ제조ㆍ패키징 기술,SiC,반도체,True,
strategic::1::::사.,strategic,반도체,에너지효율향상 반도체 설계ㆍ제조ㆍ패키징 기술,GaN,반도체,True,
strategic::1::::사.,strategic,반도체,에너지효율향상 반도체 설계ㆍ제조ㆍ패키징 기술,Ga2O3,반도체,True,
strategic::1::::사.,strategic,반도체,에너지효율향상 반도체 설계ㆍ제조ㆍ패키징 기술,스마트그리드,에너지,True,
strategic::1::::서.,strategic,반도체,파운드리향 IP 설계 및 검증 기술,Derivative IP,반도체,True,
strategic::1::::서.,strategic,반도체,파운드리향 IP 설계 및 검증 기술,Derivative Library,반도체,True,
strategic::1::::서.,strategic,반도체,파운드리향 IP 설계 및 검증 기술,IP,반도체,True,
strategic::1::::서.,strategic,반도체,파운드리향 IP 설계 및 검증 기술,"Library(Standard Cell, I/O, Memory Compiler)",반도체,True,
strategic::1::::서.,strategic,반도체,파운드리향 IP 설계 및 검증 기술,파운드리,반도체,True,
strategic::1::::아.,strategic,반도체,"에너지효율향상 전력 및 전력관리 반도체[BCDMOS(Bipolar-CMOS-DMOS), UHV(Ultra High Voltage), 고전압 아날로그 IC(Integrated Circuit), PMIC(Power Management IC)] 설계ㆍ제조기술(0.35㎛이하)",BCDMOS,반도체,True,
strategic::1::::아.,strategic,반도체,"에너지효율향상 전력 및 전력관리 반도체[BCDMOS(Bipolar-CMOS-DMOS), UHV(Ultra High Voltage), 고전압 아날로그 IC(Integrated Circuit), PMIC(Power Management IC)] 설계ㆍ제조기술(0.35㎛이하)",PMIC,반도체,True,
strategic::1::::아.,strategic,반도체,"에너지효율향상 전력 및 전력관리 반도체[BCDMOS(Bipolar-CMOS-DMOS), UHV(Ultra High Voltage), 고전압 아날로그 IC(Integrated Circuit), PMIC(Power Management IC)] 설계ㆍ제조기술(0.35㎛이하)",UHV,반도체,True,
strategic::1::::아.,strategic,반도체,"에너지효율향상 전력 및 전력관리 반도체[BCDMOS(Bipolar-CMOS-DMOS), UHV(Ultra High Voltage), 고전압 아날로그 IC(Integrated Circuit), PMIC(Power Management IC)] 설계ㆍ제조기술(0.35㎛이하)",고전압 아날로그 IC,반도체,True,
strategic::1::::어.,strategic,반도체,"고성능ㆍ고효율 시스템 반도체의 테스트 기술 및 테스트 관련 장비, 부품 설계ㆍ제조기술",AEC-Q100,미래차,True,
strategic::1::::어.,strategic,반도체,"고성능ㆍ고효율 시스템 반도체의 테스트 기술 및 테스트 관련 장비, 부품 설계ㆍ제조기술",CMOS 이미지센서,반도체,True,
strategic::1::::어.,strategic,반도체,"고성능ㆍ고효율 시스템 반도체의 테스트 기술 및 테스트 관련 장비, 부품 설계ㆍ제조기술",MEMS(Micro Electro Mechanial System),반도체,True,
strategic::1::::어.,strategic,반도체,"고성능ㆍ고효율 시스템 반도체의 테스트 기술 및 테스트 관련 장비, 부품 설계ㆍ제조기술",OLED,디스플레이,True,
strategic::1::::어.,strategic,반도체,"고성능ㆍ고효율 시스템 반도체의 테스트 기술 및 테스트 관련 장비, 부품 설계ㆍ제조기술",DDI(Display Driver IC),디스플레이,True,
strategic::1::::어.,strategic,반도체,"고성능ㆍ고효율 시스템 반도체의 테스트 기술 및 테스트 관련 장비, 부품 설계ㆍ제조기술",RF(Radio Frequency) 반도체,통신,True,
strategic::1::::어.,strategic,반도체,"고성능ㆍ고효율 시스템 반도체의 테스트 기술 및 테스트 관련 장비, 부품 설계ㆍ제조기술",SoC(System on Chip),반도체,True,
strategic::1::::어.,strategic,반도체,"고성능ㆍ고효율 시스템 반도체의 테스트 기술 및 테스트 관련 장비, 부품 설계ㆍ제조기술",소스채널,디스플레이,True,
strategic::1::::어.,strategic,반도체,"고성능ㆍ고효율 시스템 반도체의 테스트 기술 및 테스트 관련 장비, 부품 설계ㆍ제조기술",전력반도체,반도체,True,
strategic::1::::어.,strategic,반도체,"고성능ㆍ고효율 시스템 반도체의 테스트 기술 및 테스트 관련 장비, 부품 설계ㆍ제조기술",프로브스테이션(Probe Station),반도체,True,
strategic::1::::어.,strategic,반도체,"고성능ㆍ고효율 시스템 반도체의 테스트 기술 및 테스트 관련 장비, 부품 설계ㆍ제조기술",프로브카드,반도체,True,
strategic::1::::자.,strategic,반도체,차세대 디지털기기ㆍ차량용 디스플레이 반도체 설계ㆍ제조기술,LCD,디스플레이,True,
strategic::1::::자.,strategic,반도체,차세대 디지털기기ㆍ차량용 디스플레이 반도체 설계ㆍ제조기술,Mini LED,디스플레이,True,
strategic::1::::자.,strategic,반도체,차세대 디지털기기ㆍ차량용 디스플레이 반도체 설계ㆍ제조기술,OLED,디스플레이,True,
strategic::1::::자.,strategic,반도체,차세대 디지털기기ㆍ차량용 디스플레이 반도체 설계ㆍ제조기술,마이크로LED,디스플레이,True,
strategic::1::::자.,strategic,반도체,차세대 디지털기기ㆍ차량용 디스플레이 반도체 설계ㆍ제조기술,DDI,디스플레이,True,
strategic::1::::자.,strategic,반도체,차세대 디지털기기ㆍ차량용 디스플레이 반도체 설계ㆍ제조기술,PMIC,반도체,True,
strategic::1::::자.,strategic,반도체,차세대 디지털기기ㆍ차량용 디스플레이 반도체 설계ㆍ제조기술,T-Con,디스플레이,True,
strategic::1::::자.,strategic,반도체,차세대 디지털기기ㆍ차량용 디스플레이 반도체 설계ㆍ제조기술,퀀텀닷,디스플레이,True,
strategic::1::::저.,strategic,반도체,차세대 3D 적층형 반도체 설계ㆍ제조 및 관련 신소재 개발 기술,3D 적층형 반도체,반도체,True,
strategic::1::::저.,strategic,반도체,차세대 3D 적층형 반도체 설계ㆍ제조 및 관련 신소재 개발 기술,웨이퍼,반도체,True,
strategic::1::::차.,strategic,반도체,SoC 반도체 개발ㆍ양산 위한 파운드리 분야 7nm 이하급 제조공정 및 공정 설계기술,SoC(System on Chip),반도체,True,
strategic::1::::차.,strategic,반도체,SoC 반도체 개발ㆍ양산 위한 파운드리 분야 7nm 이하급 제조공정 및 공정 설계기술,파운드리(Foundry),반도체,True,
strategic::1::::처.,strategic,반도체,AI 컴퓨팅을 위한 차세대 MCM(Multi-Chip Module)의 설계ㆍ제조 및 관련 신소재ㆍ부품 개발 기술,AI 가속기,AI,True,
strategic::1::::처.,strategic,반도체,AI 컴퓨팅을 위한 차세대 MCM(Multi-Chip Module)의 설계ㆍ제조 및 관련 신소재ㆍ부품 개발 기술,CCL(Copper Clad Laminate),반도체,True,
strategic::1::::처.,strategic,반도체,AI 컴퓨팅을 위한 차세대 MCM(Multi-Chip Module)의 설계ㆍ제조 및 관련 신소재ㆍ부품 개발 기술,Df,반도체,True,
strategic::1::::처.,strategic,반도체,AI 컴퓨팅을 위한 차세대 MCM(Multi-Chip Module)의 설계ㆍ제조 및 관련 신소재ㆍ부품 개발 기술,PCB,반도체,True,
strategic::1::::처.,strategic,반도체,AI 컴퓨팅을 위한 차세대 MCM(Multi-Chip Module)의 설계ㆍ제조 및 관련 신소재ㆍ부품 개발 기술,실장,반도체,True,
strategic::1::::처.,strategic,반도체,AI 컴퓨팅을 위한 차세대 MCM(Multi-Chip Module)의 설계ㆍ제조 및 관련 신소재ㆍ부품 개발 기술,열신뢰성 평가(Thermal Cycling Test),반도체,True,
strategic::1::::처.,strategic,반도체,AI 컴퓨팅을 위한 차세대 MCM(Multi-Chip Module)의 설계ㆍ제조 및 관련 신소재ㆍ부품 개발 기술,열팽창계수(CTE),소재,True,
strategic::1::::처.,strategic,반도체,AI 컴퓨팅을 위한 차세대 MCM(Multi-Chip Module)의 설계ㆍ제조 및 관련 신소재ㆍ부품 개발 기술,저손실 특성(Ultra Low Loss),반도체,True,
strategic::1::::카.,strategic,반도체,"WLP, PLP, SiP, 플립칩 기술 등을 활용한 2D/2.5D/3D 패키징 공정기술 및 패키징 관련 소재ㆍ부품ㆍ장비설계ㆍ제조기술",2D/2.5D/3D 패키징,반도체,True,
strategic::1::::카.,strategic,반도체,"WLP, PLP, SiP, 플립칩 기술 등을 활용한 2D/2.5D/3D 패키징 공정기술 및 패키징 관련 소재ㆍ부품ㆍ장비설계ㆍ제조기술",WLP,반도체,True,
strategic::1::::카.,strategic,반도체,"WLP, PLP, SiP, 플립칩 기술 등을 활용한 2D/2.5D/3D 패키징 공정기술 및 패키징 관련 소재ㆍ부품ㆍ장비설계ㆍ제조기술",PLP,반도체,True,
strategic::1::::카.,strategic,반도체,"WLP, PLP, SiP, 플립칩 기술 등을 활용한 2D/2.5D/3D 패키징 공정기술 및 패키징 관련 소재ㆍ부품ㆍ장비설계ㆍ제조기술",SiP,반도체,True,
strategic::1::::카.,strategic,반도체,"WLP, PLP, SiP, 플립칩 기술 등을 활용한 2D/2.5D/3D 패키징 공정기술 및 패키징 관련 소재ㆍ부품ㆍ장비설계ㆍ제조기술",플립칩,반도체,True,
strategic::1::::타.,strategic,반도체,반도체용 실리콘 기판 및 화합물 기판 개발 및 제조기술,D램,반도체,True,
strategic::1::::타.,strategic,반도체,반도체용 실리콘 기판 및 화합물 기판 개발 및 제조기술,낸드플래시메모리,반도체,True,
strategic::1::::타.,strategic,반도체,반도체용 실리콘 기판 및 화합물 기판 개발 및 제조기술,에피텍셜 반도체,반도체,True,
strategic::1::::타.,strategic,반도체,반도체용 실리콘 기판 및 화합물 기판 개발 및 제조기술,파운드리 SoC,반도체,True,
strategic::1::::타.,strategic,반도체,반도체용 실리콘 기판 및 화합물 기판 개발 및 제조기술,SiC,반도체,True,
strategic::1::::타.,strategic,반도체,반도체용 실리콘 기판 및 화합물 기판 개발 및 제조기술,GaN,반도체,True,
strategic::1::::타.,strategic,반도체,반도체용 실리콘 기판 및 화합물 기판 개발 및 제조기술,Ga2O3,반도체,True,
strategic::1::::파.,strategic,반도체,"첨단 메모리반도체 및 차세대 메모리반도체, SoC 반도체 파운드리 소재ㆍ장비ㆍ장비부품 설계ㆍ제조기술",SoC,반도체,True,
strategic::1::::파.,strategic,반도체,"첨단 메모리반도체 및 차세대 메모리반도체, SoC 반도체 파운드리 소재ㆍ장비ㆍ장비부품 설계ㆍ제조기술",D램,반도체,True,
strategic::1::::파.,strategic,반도체,"첨단 메모리반도체 및 차세대 메모리반도체, SoC 반도체 파운드리 소재ㆍ장비ㆍ장비부품 설계ㆍ제조기술",낸드플래시메모리,반도체,True,
strategic::1::::파.,strategic,반도체,"첨단 메모리반도체 및 차세대 메모리반도체, SoC 반도체 파운드리 소재ㆍ장비ㆍ장비부품 설계ㆍ제조기술",STT-MRAM(Spin Transfer Torque-Magnetic RAM),반도체,True,
strategic::1::::파.,strategic,반도체,"첨단 메모리반도체 및 차세대 메모리반도체, SoC 반도체 파운드리 소재ㆍ장비ㆍ장비부품 설계ㆍ제조기술",PRAM(Phase-change RAM),반도체,True,
strategic::1::::파.,strategic,반도체,"첨단 메모리반도체 및 차세대 메모리반도체, SoC 반도체 파운드리 소재ㆍ장비ㆍ장비부품 설계ㆍ제조기술",ReRAM(Resistive RAM),반도체,True,
strategic::1::::파.,strategic,반도체,"첨단 메모리반도체 및 차세대 메모리반도체, SoC 반도체 파운드리 소재ㆍ장비ㆍ장비부품 설계ㆍ제조기술",PIM(Processing In Memory),반도체,True,
strategic::1::::파.,strategic,반도체,"첨단 메모리반도체 및 차세대 메모리반도체, SoC 반도체 파운드리 소재ㆍ장비ㆍ장비부품 설계ㆍ제조기술",HBM(High Bandwidth Memory),반도체,True,
strategic::1::::파.,strategic,반도체,"첨단 메모리반도체 및 차세대 메모리반도체, SoC 반도체 파운드리 소재ㆍ장비ㆍ장비부품 설계ㆍ제조기술",LLC(Last Level Cache),반도체,True,
strategic::1::::파.,strategic,반도체,"첨단 메모리반도체 및 차세대 메모리반도체, SoC 반도체 파운드리 소재ㆍ장비ㆍ장비부품 설계ㆍ제조기술",CXL(Compute eXpress Link),반도체,True,
strategic::1::::파.,strategic,반도체,"첨단 메모리반도체 및 차세대 메모리반도체, SoC 반도체 파운드리 소재ㆍ장비ㆍ장비부품 설계ㆍ제조기술",SOM(Selector Only Memory),반도체,True,
strategic::1::::파.,strategic,반도체,"첨단 메모리반도체 및 차세대 메모리반도체, SoC 반도체 파운드리 소재ㆍ장비ㆍ장비부품 설계ㆍ제조기술",파운드리,반도체,True,
strategic::1::::하.,strategic,반도체,포토레지스트(Photoresist) 개발 및 제조기술,ArF(불화아르곤),반도체,True,
strategic::1::::하.,strategic,반도체,포토레지스트(Photoresist) 개발 및 제조기술,EUV(극자외선),반도체,True,
strategic::1::::하.,strategic,반도체,포토레지스트(Photoresist) 개발 및 제조기술,리소그래피(lithography),반도체,True,
strategic::1::::하.,strategic,반도체,포토레지스트(Photoresist) 개발 및 제조기술,수지,소재,True,
strategic::1::::하.,strategic,반도체,포토레지스트(Photoresist) 개발 및 제조기술,포토레지스트,반도체,True,
strategic::1::::하.,strategic,반도체,포토레지스트(Photoresist) 개발 및 제조기술,현상(Developing),반도체,True,
strategic::3::::가.,strategic,백신,방어 항원 등 스크리닝 및 제조기술,바이러스벡터,바이오,True,
strategic::3::::가.,strategic,백신,방어 항원 등 스크리닝 및 제조기술,스크리닝,바이오,True,
strategic::3::::가.,strategic,백신,방어 항원 등 스크리닝 및 제조기술,항원,바이오,True,
strategic::3::::가.,strategic,백신,방어 항원 등 스크리닝 및 제조기술,핵산,바이오,True,
strategic::3::::다.,strategic,백신,임상약리시험 평가기술(임상 1상 시험),내약성,바이오,True,
strategic::3::::다.,strategic,백신,임상약리시험 평가기술(임상 1상 시험),약동학,바이오,True,
strategic::3::::다.,strategic,백신,임상약리시험 평가기술(임상 1상 시험),약력학,바이오,True,
strategic::3::::다.,strategic,백신,임상약리시험 평가기술(임상 1상 시험),약물대사,바이오,True,
strategic::3::::바.,strategic,백신,원료 및 원부자재 등 개발·제조 기술,면역보조제,바이오,True,
strategic::3::::바.,strategic,백신,원료 및 원부자재 등 개발·제조 기술,필터,바이오,True,
strategic::3::::바.,strategic,백신,원료 및 원부자재 등 개발·제조 기술,레진,바이오,True,
strategic::3::::바.,strategic,백신,원료 및 원부자재 등 개발·제조 기술,버퍼,바이오,True,
strategic::3::::바.,strategic,백신,원료 및 원부자재 등 개발·제조 기술,배양배지,바이오,True,
strategic::3::::사.,strategic,백신,생산장비 개발·제조 기술,필터,바이오,True,
strategic::3::::사.,strategic,백신,생산장비 개발·제조 기술,레진,바이오,True,
strategic::3::::사.,strategic,백신,생산장비 개발·제조 기술,버퍼,바이오,True,
strategic::3::::사.,strategic,백신,생산장비 개발·제조 기술,배양배지,바이오,True,
strategic::5::::가.,strategic,수소,수전해 기반 청정수소 생산기술,계통제약 전력(미활용전력),에너지,True,
strategic::5::::가.,strategic,수소,수전해 기반 청정수소 생산기술,수전해,수소,True,
strategic::5::::가.,strategic,수소,수전해 기반 청정수소 생산기술,스택(stack),수소,True,
strategic::5::::나.,strategic,수소,탄소포집 청정수소 생산기술,포집,탄소중립,True,
strategic::5::::마.,strategic,수소,수소차용 고밀도 고효율 연료전지시스템 기술,연료전지,수소,True,
strategic::5::::마.,strategic,수소,수소차용 고밀도 고효율 연료전지시스템 기술,스택,수소,True,
strategic::5::::마.,strategic,수소,수소차용 고밀도 고효율 연료전지시스템 기술,"저위발열량(LHV, Lower Heating Value)",수소,True,
strategic::5::::마.,strategic,수소,수소차용 고밀도 고효율 연료전지시스템 기술,출력밀도,수소,True,
strategic::5::::바.,strategic,수소,연료전지 전용부품 제조기술,개질기,수소,True,
strategic::5::::바.,strategic,수소,연료전지 전용부품 제조기술,금속 분리판,수소,True,
strategic::5::::바.,strategic,수소,연료전지 전용부품 제조기술,막전극 접합체,수소,True,
strategic::5::::바.,strategic,수소,연료전지 전용부품 제조기술,블로어,수소,True,
strategic::5::::바.,strategic,수소,연료전지 전용부품 제조기술,연료전지,수소,True,
strategic::5::::아.,strategic,수소,수소환원제철 기술,전기용융로,소재,True,
strategic::5::::아.,strategic,수소,수소환원제철 기술,환원,소재,True,
strategic::5::::자.,strategic,수소,수소 저장 효율화 기술,액상 유기물 수소 저장체(LOHC),수소,True,
strategic::5::::자.,strategic,수소,수소 저장 효율화 기술,흡장,수소,True,
strategic::5::::자.,strategic,수소,수소 저장 효율화 기술,흡착,수소,True,
strategic::2::::가.,strategic,이차전지,고에너지밀도 이차전지 팩 제조기술,모듈,이차전지,True,
strategic::2::::가.,strategic,이차전지,고에너지밀도 이차전지 팩 제조기술,에너지저장장치,에너지,True,
strategic::2::::가.,strategic,이차전지,고에너지밀도 이차전지 팩 제조기술,에너지밀도,이차전지,True,
strategic::2::::가.,strategic,이차전지,고에너지밀도 이차전지 팩 제조기술,팩,이차전지,True,
strategic::2::::나.,strategic,이차전지,고성능 리튬이차전지 부품·소재·셀 및 모듈 제조 기술,C-rate,이차전지,True,
strategic::2::::나.,strategic,이차전지,고성능 리튬이차전지 부품·소재·셀 및 모듈 제조 기술,리튬이차전지,이차전지,True,
strategic::2::::나.,strategic,이차전지,고성능 리튬이차전지 부품·소재·셀 및 모듈 제조 기술,모듈,이차전지,True,
strategic::2::::나.,strategic,이차전지,고성능 리튬이차전지 부품·소재·셀 및 모듈 제조 기술,셀,이차전지,True,
strategic::2::::나.,strategic,이차전지,고성능 리튬이차전지 부품·소재·셀 및 모듈 제조 기술,에너지밀도,이차전지,True,
strategic::2::::라.,strategic,이차전지,사용후배터리 재활용 기술,유가금속,소재,True,
strategic::2::::마.,strategic,이차전지,차세대 리튬이차전지 부품·소재·셀 및 모듈 제조 기술,고체전해질,이차전지,True,
strategic::2::::마.,strategic,이차전지,차세대 리튬이차전지 부품·소재·셀 및 모듈 제조 기술,리튬이차전지,이차전지,True,
strategic::2::::마.,strategic,이차전지,차세대 리튬이차전지 부품·소재·셀 및 모듈 제조 기술,모듈,이차전지,True,
strategic::2::::마.,strategic,이차전지,차세대 리튬이차전지 부품·소재·셀 및 모듈 제조 기술,셀,이차전지,True,
strategic::2::::마.,strategic,이차전지,차세대 리튬이차전지 부품·소재·셀 및 모듈 제조 기술,전극,이차전지,True,
strategic::2::::바.,strategic,이차전지,하이니켈 양극재 제조기술,전구체,소재,True,
strategic::2::::바.,strategic,이차전지,하이니켈 양극재 제조기술,양극재,이차전지,True,
strategic::2::::사.,strategic,이차전지,장수명 음극재 제조기술,음극재,이차전지,True,
strategic::2::::아.,strategic,이차전지,이차전지 분리막 및 전해액 제조기술,분리막,이차전지,True,
strategic::2::::아.,strategic,이차전지,이차전지 분리막 및 전해액 제조기술,전해액,이차전지,True,
strategic::2::::자.,strategic,이차전지,이차전지 부품 제조기술,도전재,이차전지,True,
strategic::2::::자.,strategic,이차전지,이차전지 부품 제조기술,리드탭,이차전지,True,
strategic::2::::자.,strategic,이차전지,이차전지 부품 제조기술,바인더,이차전지,True,
strategic::2::::자.,strategic,이차전지,이차전지 부품 제조기술,집전체,이차전지,True,
strategic::2::::자.,strategic,이차전지,이차전지 부품 제조기술,캔,이차전지,True,
strategic::2::::자.,strategic,이차전지,이차전지 부품 제조기술,파우치,이차전지,True,
strategic::2::::자.,strategic,이차전지,이차전지 부품 제조기술,패키징,이차전지,True,
strategic::2::::차.,strategic,이차전지,양극재용 고순도 금속 화합물 제조ㆍ가공기술,결정화,소재,True,
strategic::2::::차.,strategic,이차전지,양극재용 고순도 금속 화합물 제조ㆍ가공기술,양극재,이차전지,True,
strategic::2::::차.,strategic,이차전지,양극재용 고순도 금속 화합물 제조ㆍ가공기술,전환,소재,True,
strategic::2::::차.,strategic,이차전지,양극재용 고순도 금속 화합물 제조ㆍ가공기술,정련,소재,True,
strategic::8::::가.,strategic,인공지능,생성형 인공지능 기술,거대 인공지능 기초 모델(Foundation Model),AI,True,
strategic::8::::나.,strategic,인공지능,에이전트 인공지능 기술,피지컬 인공지능(Physical AI),AI,True,
strategic::8::::다.,strategic,인공지능,학습 및 추론 고도화 기술,강화학습,AI,True,
strategic::8::::다.,strategic,인공지능,학습 및 추론 고도화 기술,다중 에이전트 추론기법,AI,True,
strategic::8::::다.,strategic,인공지능,학습 및 추론 고도화 기술,딥러닝,AI,True,
strategic::8::::다.,strategic,인공지능,학습 및 추론 고도화 기술,멀티모달 학습,AI,True,
strategic::8::::다.,strategic,인공지능,학습 및 추론 고도화 기술,메타러닝,AI,True,
strategic::8::::다.,strategic,인공지능,학습 및 추론 고도화 기술,분기구조 기반 추론기법,AI,True,
strategic::8::::다.,strategic,인공지능,학습 및 추론 고도화 기술,연쇄사고 추론기법,AI,True,
